Order_ID,Order_Date,Region,Category,Product,Customer_ID,Quantity,Discount,Revenue,COGS,Profit
ORD000001,2024-04-12,East,Furniture,Conference Table,CUST0113,1,0.1,495.0,315.74,179.26
ORD000002,2025-03-11,West,Furniture,Desk,CUST0103,4,0.0,1280.0,952.4,327.6
ORD000003,2024-09-27,South,Office Supplies,Stapler,CUST0055,6,0.1,48.6,35.39,13.21
ORD000004,2024-04-16,West,Technology,Monitor,CUST0072,8,0.0,2240.0,1294.08,945.92
ORD000005,2024-03-12,East,Technology,Keyboard,CUST0162,3,0.1,148.5,86.42,62.08
ORD000006,2025-12-01,East,Accessories,USB Hub,CUST0165,8,0.15,190.4,146.66,43.74
ORD000007,2024-01-21,South,Technology,Monitor,CUST0161,8,0.0,2240.0,1533.6,706.4
ORD000008,2025-09-06,North,Technology,Keyboard,CUST0002,3,0.1,148.5,93.49,55.01
ORD000009,2024-05-01,South,Accessories,Mouse,CUST0119,2,0.15,51.0,31.33,19.67
ORD000010,2025-04-11,South,Technology,Laptop,CUST0172,8,0.1,6480.0,4104.39,2375.61
ORD000011,2024-08-02,West,Technology,Monitor,CUST0059,8,0.0,2240.0,1494.31,745.69
ORD000012,2024-11-26,North,Accessories,USB Hub,CUST0040,2,0.0,56.0,33.03,22.97
ORD000013,2025-04-03,North,Office Supplies,Notebook,CUST0154,6,0.1,64.8,40.8,24.0
ORD000014,2024-03-28,East,Furniture,Office Chair,CUST0085,5,0.0,900.0,681.95,218.05
ORD000015,2025-01-07,South,Accessories,Mouse,CUST0076,1,0.05,28.5,18.51,9.99
ORD000016,2024-04-09,North,Technology,Monitor,CUST0168,3,0.15,714.0,533.51,180.49
ORD000017,2025-10-25,East,Technology,Laptop,CUST0122,7,0.1,5670.0,4183.94,1486.06
ORD000018,2024-05-10,North,Furniture,Desk,CUST0115,3,0.0,960.0,521.75,438.25
ORD000019,2025-10-23,West,Technology,Laptop,CUST0039,3,0.05,2565.0,1813.33,751.67
ORD000020,2024-11-04,South,Office Supplies,Stapler,CUST0056,7,0.2,50.4,27.98,22.42
ORD000021,2024-12-09,East,Technology,Printer,CUST0109,3,0.1,594.0,316.82,277.18
ORD000022,2025-05-06,West,Technology,Laptop,CUST0129,5,0.05,4275.0,2613.74,1661.26
ORD000023,2025-02-17,East,Furniture,Bookshelf,CUST0108,1,0.0,210.0,153.92,56.08
ORD000024,2025-01-20,North,Office Supplies,Stapler,CUST0049,4,0.05,34.2,18.6,15.6
ORD000025,2024-07-10,East,Technology,Monitor,CUST0083,1,0.0,280.0,185.05,94.95
ORD000026,2024-10-03,West,Office Supplies,Notebook,CUST0025,5,0.1,54.0,40.0,14.0
ORD000027,2024-06-09,North,Accessories,USB Hub,CUST0032,2,0.0,56.0,38.87,17.13
ORD000028,2025-04-04,West,Office Supplies,Paper,CUST0014,2,0.1,14.4,10.92,3.48
ORD000029,2024-11-09,South,Technology,Keyboard,CUST0082,8,0.0,440.0,277.05,162.95
ORD000030,2024-01-22,West,Office Supplies,Pen Set,CUST0014,2,0.1,27.0,18.56,8.44
ORD000031,2024-09-09,East,Office Supplies,Paper,CUST0168,5,0.0,40.0,28.04,11.96
ORD000032,2025-07-14,North,Furniture,Bookshelf,CUST0153,7,0.15,1249.5,824.65,424.85
ORD000033,2025-04-19,West,Office Supplies,Notebook,CUST0170,2,0.15,20.4,12.82,7.58
ORD000034,2024-02-28,West,Accessories,Webcam,CUST0123,5,0.05,403.75,307.85,95.9
ORD000035,2025-05-25,North,Accessories,USB Hub,CUST0016,1,0.05,26.6,17.15,9.45
ORD000036,2025-11-12,South,Accessories,Webcam,CUST0133,6,0.05,484.5,305.02,179.48
ORD000037,2025-04-20,North,Office Supplies,Notebook,CUST0146,6,0.05,68.4,50.73,17.67
ORD000038,2025-11-30,South,Technology,Laptop,CUST0049,5,0.2,3600.0,2272.4,1327.6
ORD000039,2024-07-08,North,Furniture,Conference Table,CUST0124,2,0.1,990.0,581.46,408.54
ORD000040,2025-11-17,West,Furniture,Conference Table,CUST0153,8,0.05,4180.0,2840.26,1339.74
ORD000041,2025-07-16,North,Office Supplies,Pen Set,CUST0110,4,0.15,51.0,29.58,21.42
ORD000042,2025-07-20,South,Technology,Monitor,CUST0006,1,0.0,280.0,202.35,77.65
ORD000043,2024-08-31,West,Accessories,Headset,CUST0061,1,0.1,58.5,39.5,19.0
ORD000044,2025-05-19,West,Technology,Keyboard,CUST0013,6,0.2,264.0,198.88,65.12
ORD000045,2024-05-10,North,Technology,Keyboard,CUST0105,4,0.1,198.0,107.67,90.33
ORD000046,2025-04-29,North,Furniture,Bookshelf,CUST0170,1,0.0,210.0,155.73,54.27
ORD000047,2025-10-08,West,Accessories,USB Hub,CUST0038,3,0.0,84.0,52.6,31.4
ORD000048,2024-01-21,North,Technology,Laptop,CUST0028,2,0.0,1800.0,1039.05,760.95
ORD000049,2024-06-15,North,Technology,Laptop,CUST0067,5,0.05,4275.0,2881.46,1393.54
ORD000050,2024-09-30,East,Furniture,Desk,CUST0147,5,0.05,1520.0,1137.63,382.37
ORD000051,2025-01-22,West,Accessories,USB Hub,CUST0045,3,0.0,84.0,50.97,33.03
ORD000052,2025-08-23,North,Office Supplies,Stapler,CUST0045,3,0.1,24.3,13.64,10.66
ORD000053,2024-11-11,West,Accessories,Webcam,CUST0158,2,0.0,170.0,103.21,66.79
ORD000054,2024-01-14,West,Accessories,Headset,CUST0013,6,0.1,351.0,206.13,144.87
ORD000055,2024-08-29,East,Office Supplies,Notebook,CUST0088,8,0.05,91.2,62.46,28.74
ORD000056,2024-12-11,North,Accessories,USB Hub,CUST0063,6,0.0,168.0,106.24,61.76
ORD000057,2025-07-18,West,Furniture,Bookshelf,CUST0068,5,0.1,945.0,534.09,410.91
ORD000058,2024-12-05,West,Furniture,Office Chair,CUST0120,1,0.1,162.0,98.81,63.19
ORD000059,2024-04-01,West,Technology,Monitor,CUST0180,7,0.2,1568.0,1120.98,447.02
ORD000060,2025-01-01,North,Office Supplies,Paper,CUST0179,1,0.05,7.6,4.92,2.68
ORD000061,2025-03-30,South,Technology,Keyboard,CUST0099,6,0.05,313.5,239.99,73.51
ORD000062,2025-03-03,East,Furniture,Bookshelf,CUST0130,5,0.1,945.0,545.64,399.36
ORD000063,2025-05-23,East,Office Supplies,Pen Set,CUST0092,3,0.15,38.25,29.47,8.78
ORD000064,2024-02-04,South,Office Supplies,Paper,CUST0131,3,0.2,19.2,13.78,5.42
ORD000065,2024-07-24,West,Furniture,Desk,CUST0025,7,0.1,2016.0,1153.34,862.66
ORD000066,2024-03-21,West,Office Supplies,Stapler,CUST0145,8,0.1,64.8,36.38,28.42
ORD000067,2025-07-15,West,Technology,Printer,CUST0093,6,0.1,1188.0,623.28,564.72
ORD000068,2025-01-22,West,Technology,Laptop,CUST0153,2,0.1,1620.0,1177.9,442.1
ORD000069,2024-01-02,North,Technology,Keyboard,CUST0176,4,0.0,220.0,146.34,73.66
ORD000070,2025-01-24,East,Furniture,Bookshelf,CUST0139,5,0.05,997.5,725.55,271.95
ORD000071,2025-07-19,North,Accessories,Mouse,CUST0095,2,0.1,54.0,33.63,20.37
ORD000072,2024-04-15,East,Office Supplies,Paper,CUST0011,1,0.2,6.4,4.84,1.56
ORD000073,2025-04-21,North,Furniture,Conference Table,CUST0080,4,0.2,1760.0,980.41,779.59
ORD000074,2025-12-03,East,Furniture,Conference Table,CUST0097,2,0.1,990.0,757.07,232.93
ORD000075,2025-02-05,West,Furniture,Office Chair,CUST0150,6,0.0,1080.0,583.66,496.34
ORD000076,2025-12-30,East,Furniture,Desk,CUST0106,6,0.1,1728.0,1267.62,460.38
ORD000077,2025-07-09,West,Technology,Laptop,CUST0006,5,0.1,4050.0,2139.26,1910.74
ORD000078,2024-06-10,East,Office Supplies,Paper,CUST0092,2,0.15,13.6,10.42,3.18
ORD000079,2024-07-20,East,Accessories,Headset,CUST0132,7,0.0,455.0,342.46,112.54
ORD000080,2024-09-26,South,Office Supplies,Stapler,CUST0014,3,0.0,27.0,15.19,11.81
ORD000081,2024-09-27,East,Technology,Monitor,CUST0122,4,0.0,1120.0,836.26,283.74
ORD000082,2025-03-31,South,Furniture,Desk,CUST0032,8,0.15,2176.0,1376.86,799.14
ORD000083,2025-04-06,North,Furniture,Desk,CUST0105,3,0.0,960.0,747.88,212.12
ORD000084,2025-12-27,North,Furniture,Conference Table,CUST0097,3,0.0,1650.0,1037.49,612.51
ORD000085,2024-09-08,West,Accessories,Mouse,CUST0037,7,0.05,199.5,147.63,51.87
ORD000086,2025-12-02,West,Furniture,Conference Table,CUST0096,4,0.0,2200.0,1639.94,560.06
ORD000087,2024-10-22,East,Office Supplies,Stapler,CUST0164,8,0.1,64.8,43.77,21.03
ORD000088,2025-12-25,West,Furniture,Desk,CUST0018,2,0.15,544.0,312.68,231.32
ORD000089,2025-12-20,North,Office Supplies,Paper,CUST0087,2,0.1,14.4,10.89,3.51
ORD000090,2024-12-03,West,Office Supplies,Stapler,CUST0041,7,0.05,59.85,32.2,27.65
ORD000091,2024-02-22,South,Technology,Printer,CUST0130,6,0.1,1188.0,728.72,459.28
ORD000092,2024-08-04,South,Technology,Laptop,CUST0005,1,0.05,855.0,635.33,219.67
ORD000093,2024-07-06,East,Furniture,Conference Table,CUST0139,4,0.2,1760.0,1122.85,637.15
ORD000094,2025-01-14,North,Accessories,Headset,CUST0105,2,0.05,123.5,85.71,37.79
ORD000095,2025-05-07,East,Furniture,Conference Table,CUST0028,4,0.1,1980.0,1115.59,864.41
ORD000096,2024-02-10,South,Technology,Laptop,CUST0044,4,0.05,3420.0,2529.04,890.96
ORD000097,2024-06-05,West,Furniture,Bookshelf,CUST0078,4,0.1,756.0,399.84,356.16
ORD000098,2024-01-15,North,Technology,Keyboard,CUST0059,2,0.0,110.0,60.69,49.31
ORD000099,2024-03-05,East,Furniture,Office Chair,CUST0043,4,0.0,720.0,559.1,160.9
ORD000100,2025-06-04,East,Technology,Laptop,CUST0171,1,0.1,810.0,474.74,335.26
ORD000101,2024-12-09,East,Furniture,Conference Table,CUST0080,7,0.0,3850.0,2310.24,1539.76
ORD000102,2024-05-08,East,Accessories,USB Hub,CUST0157,2,0.0,56.0,39.76,16.24
ORD000103,2025-10-09,West,Furniture,Office Chair,CUST0171,7,0.1,1134.0,836.79,297.21
ORD000104,2025-04-16,North,Office Supplies,Stapler,CUST0076,2,0.15,15.3,10.23,5.07
ORD000105,2024-03-03,East,Technology,Laptop,CUST0142,1,0.1,810.0,619.35,190.65
ORD000106,2024-05-18,East,Furniture,Office Chair,CUST0063,6,0.1,972.0,758.01,213.99
ORD000107,2025-05-13,West,Accessories,Mouse,CUST0068,5,0.1,135.0,90.1,44.9
ORD000108,2025-08-15,South,Office Supplies,Stapler,CUST0141,6,0.05,51.3,38.7,12.6
ORD000109,2025-01-26,West,Office Supplies,Paper,CUST0089,1,0.0,8.0,5.29,2.71
ORD000110,2025-11-05,South,Furniture,Office Chair,CUST0093,7,0.1,1134.0,701.84,432.16
ORD000111,2025-02-22,East,Furniture,Office Chair,CUST0099,3,0.0,540.0,291.08,248.92
ORD000112,2024-10-15,East,Technology,Monitor,CUST0072,6,0.1,1512.0,999.45,512.55
ORD000113,2025-01-13,West,Furniture,Desk,CUST0048,5,0.05,1520.0,940.65,579.35
ORD000114,2025-05-04,South,Office Supplies,Pen Set,CUST0108,3,0.1,40.5,29.62,10.88
ORD000115,2024-08-18,West,Accessories,Mouse,CUST0124,3,0.0,90.0,61.95,28.05
ORD000116,2024-02-10,West,Accessories,USB Hub,CUST0019,7,0.0,196.0,126.34,69.66
ORD000117,2024-01-28,East,Technology,Laptop,CUST0156,5,0.05,4275.0,2564.55,1710.45
ORD000118,2024-05-14,North,Office Supplies,Pen Set,CUST0132,6,0.1,81.0,47.86,33.14
ORD000119,2024-07-19,North,Accessories,Headset,CUST0159,7,0.15,386.75,281.53,105.22
ORD000120,2024-02-02,West,Office Supplies,Pen Set,CUST0118,5,0.05,71.25,54.89,16.36
ORD000121,2024-02-17,South,Accessories,Mouse,CUST0119,5,0.1,135.0,103.59,31.41
ORD000122,2025-05-17,West,Office Supplies,Notebook,CUST0122,1,0.1,10.8,7.43,3.37
ORD000123,2025-02-10,West,Furniture,Desk,CUST0068,8,0.1,2304.0,1351.22,952.78
ORD000124,2025-07-27,West,Technology,Keyboard,CUST0164,7,0.1,346.5,188.79,157.71
ORD000125,2025-12-28,East,Technology,Keyboard,CUST0161,7,0.0,385.0,287.21,97.79
ORD000126,2024-04-08,North,Technology,Laptop,CUST0160,5,0.1,4050.0,2745.27,1304.73
ORD000127,2025-11-14,South,Office Supplies,Notebook,CUST0064,5,0.0,60.0,33.41,26.59
ORD000128,2025-12-26,East,Technology,Laptop,CUST0024,2,0.05,1710.0,1208.24,501.76
ORD000129,2025-06-30,East,Technology,Keyboard,CUST0036,6,0.1,297.0,175.61,121.39
ORD000130,2025-09-04,East,Technology,Laptop,CUST0169,1,0.05,855.0,494.99,360.01
ORD000131,2025-04-06,East,Office Supplies,Notebook,CUST0160,2,0.1,21.6,11.62,9.98
ORD000132,2025-10-04,East,Office Supplies,Stapler,CUST0003,3,0.1,24.3,14.69,9.61
ORD000133,2024-01-05,West,Technology,Monitor,CUST0030,2,0.05,532.0,414.33,117.67
ORD000134,2024-08-05,East,Furniture,Desk,CUST0047,4,0.2,1024.0,701.53,322.47
ORD000135,2025-05-17,South,Technology,Printer,CUST0145,6,0.05,1254.0,898.62,355.38
ORD000136,2025-02-01,West,Furniture,Conference Table,CUST0115,8,0.05,4180.0,2303.83,1876.17
ORD000137,2025-01-27,West,Technology,Laptop,CUST0149,8,0.1,6480.0,4788.26,1691.74
ORD000138,2024-07-25,North,Technology,Monitor,CUST0038,7,0.15,1666.0,1129.89,536.11
ORD000139,2024-01-15,North,Technology,Laptop,CUST0105,1,0.0,900.0,547.95,352.05
ORD000140,2025-07-07,North,Technology,Keyboard,CUST0151,1,0.05,52.25,32.56,19.69
ORD000141,2025-04-05,East,Accessories,Headset,CUST0060,3,0.1,175.5,117.48,58.02
ORD000142,2025-11-21,South,Accessories,Headset,CUST0035,1,0.0,65.0,47.61,17.39
ORD000143,2025-07-28,West,Office Supplies,Stapler,CUST0014,6,0.0,54.0,31.06,22.94
ORD000144,2024-08-28,North,Technology,Laptop,CUST0020,3,0.1,2430.0,1482.27,947.73
ORD000145,2025-07-17,West,Office Supplies,Stapler,CUST0095,1,0.05,8.55,5.14,3.41
ORD000146,2024-04-05,West,Furniture,Desk,CUST0169,6,0.0,1920.0,1249.28,670.72
ORD000147,2025-04-29,South,Accessories,Mouse,CUST0079,8,0.05,228.0,148.56,79.44
ORD000148,2025-02-10,West,Accessories,USB Hub,CUST0078,8,0.05,212.8,127.91,84.89
ORD000149,2024-08-18,North,Accessories,Mouse,CUST0130,6,0.0,180.0,94.43,85.57
ORD000150,2025-10-16,South,Office Supplies,Paper,CUST0130,5,0.1,36.0,23.02,12.98
ORD000151,2024-06-19,North,Furniture,Desk,CUST0137,8,0.05,2432.0,1536.75,895.25
ORD000152,2025-06-24,West,Technology,Laptop,CUST0097,6,0.0,5400.0,3779.79,1620.21
ORD000153,2024-02-05,North,Furniture,Bookshelf,CUST0052,5,0.1,945.0,566.65,378.35
ORD000154,2025-06-08,South,Office Supplies,Stapler,CUST0007,7,0.1,56.7,35.45,21.25
ORD000155,2024-06-08,West,Furniture,Desk,CUST0130,5,0.05,1520.0,1171.3,348.7
ORD000156,2025-11-29,North,Technology,Laptop,CUST0120,7,0.1,5670.0,3952.29,1717.71
ORD000157,2024-08-30,South,Office Supplies,Notebook,CUST0082,2,0.0,24.0,18.57,5.43
ORD000158,2024-03-26,South,Technology,Printer,CUST0149,3,0.05,627.0,431.37,195.63
ORD000159,2025-07-31,North,Accessories,Webcam,CUST0082,6,0.0,510.0,308.25,201.75
ORD000160,2025-11-12,East,Furniture,Office Chair,CUST0141,5,0.05,855.0,619.11,235.89
ORD000161,2025-07-10,West,Technology,Printer,CUST0048,1,0.15,187.0,136.57,50.43
ORD000162,2025-07-27,West,Technology,Monitor,CUST0034,8,0.15,1904.0,1218.53,685.47
ORD000163,2025-10-07,East,Furniture,Desk,CUST0173,7,0.15,1904.0,1213.15,690.85
ORD000164,2024-01-28,West,Technology,Printer,CUST0087,7,0.1,1386.0,735.74,650.26
ORD000165,2025-09-11,West,Office Supplies,Notebook,CUST0021,3,0.0,36.0,27.67,8.33
ORD000166,2025-07-09,South,Furniture,Bookshelf,CUST0028,3,0.2,504.0,385.56,118.44
ORD000167,2024-12-05,North,Furniture,Desk,CUST0138,6,0.15,1632.0,877.8,754.2
ORD000168,2024-11-26,East,Technology,Printer,CUST0153,1,0.05,209.0,150.48,58.52
ORD000169,2025-10-01,North,Accessories,Webcam,CUST0105,1,0.05,80.75,47.46,33.29
ORD000170,2025-05-20,South,Office Supplies,Stapler,CUST0140,7,0.2,50.4,36.67,13.73
ORD000171,2024-12-13,East,Furniture,Desk,CUST0032,5,0.15,1360.0,891.34,468.66
ORD000172,2025-04-17,North,Office Supplies,Paper,CUST0153,1,0.15,6.8,3.93,2.87
ORD000173,2024-08-18,South,Furniture,Desk,CUST0172,1,0.0,320.0,189.18,130.82
ORD000174,2024-07-08,North,Technology,Monitor,CUST0119,5,0.05,1330.0,973.75,356.25
ORD000175,2024-08-12,West,Accessories,USB Hub,CUST0126,2,0.1,50.4,29.1,21.3
ORD000176,2025-01-19,East,Accessories,USB Hub,CUST0086,7,0.1,176.4,99.87,76.53
ORD000177,2025-01-11,West,Office Supplies,Notebook,CUST0180,5,0.1,54.0,29.6,24.4
ORD000178,2024-10-09,South,Accessories,Webcam,CUST0171,7,0.15,505.75,359.35,146.4
ORD000179,2025-09-24,South,Office Supplies,Notebook,CUST0030,7,0.0,84.0,46.99,37.01
ORD000180,2025-09-19,West,Accessories,Webcam,CUST0144,5,0.0,425.0,272.0,153.0
ORD000181,2024-09-15,East,Accessories,USB Hub,CUST0064,1,0.05,26.6,15.17,11.43
ORD000182,2024-12-24,South,Accessories,Webcam,CUST0155,5,0.1,382.5,260.16,122.34
ORD000183,2025-12-10,West,Office Supplies,Pen Set,CUST0058,4,0.1,54.0,39.99,14.01
ORD000184,2025-03-31,North,Technology,Laptop,CUST0075,1,0.2,720.0,443.28,276.72
ORD000185,2025-02-14,South,Office Supplies,Paper,CUST0111,8,0.1,57.6,31.82,25.78
ORD000186,2025-10-10,West,Furniture,Conference Table,CUST0054,6,0.1,2970.0,1846.74,1123.26
ORD000187,2024-11-13,North,Office Supplies,Notebook,CUST0020,6,0.05,68.4,49.69,18.71
ORD000188,2025-11-07,South,Furniture,Bookshelf,CUST0055,6,0.1,1134.0,620.38,513.62
ORD000189,2024-08-12,East,Office Supplies,Pen Set,CUST0060,2,0.1,27.0,18.27,8.73
ORD000190,2024-08-21,North,Furniture,Bookshelf,CUST0058,6,0.1,1134.0,809.61,324.39
ORD000191,2025-11-14,West,Office Supplies,Paper,CUST0113,3,0.05,22.8,12.73,10.07
ORD000192,2025-10-25,South,Furniture,Desk,CUST0057,1,0.1,288.0,204.85,83.15
ORD000193,2025-01-08,North,Accessories,Mouse,CUST0143,6,0.1,162.0,117.33,44.67
ORD000194,2025-11-02,West,Furniture,Desk,CUST0061,7,0.1,2016.0,1356.41,659.59
ORD000195,2025-08-30,North,Accessories,Webcam,CUST0081,1,0.1,76.5,51.45,25.05
ORD000196,2025-04-16,West,Accessories,Webcam,CUST0069,2,0.15,144.5,83.61,60.89
ORD000197,2024-08-20,South,Accessories,Mouse,CUST0070,5,0.05,142.5,91.99,50.51
ORD000198,2025-11-22,East,Office Supplies,Stapler,CUST0100,2,0.15,15.3,11.06,4.24
ORD000199,2024-04-22,North,Office Supplies,Stapler,CUST0152,4,0.0,36.0,25.75,10.25
ORD000200,2025-05-11,North,Furniture,Office Chair,CUST0135,4,0.0,720.0,381.19,338.81
ORD000201,2025-03-17,West,Technology,Printer,CUST0106,2,0.05,418.0,299.89,118.11
ORD000202,2025-07-17,North,Accessories,Headset,CUST0082,5,0.15,276.25,146.99,129.26
ORD000203,2024-09-24,South,Accessories,Mouse,CUST0127,2,0.05,57.0,34.79,22.21
ORD000204,2025-05-24,East,Technology,Printer,CUST0149,4,0.0,880.0,659.43,220.57
ORD000205,2025-01-20,West,Technology,Printer,CUST0082,6,0.1,1188.0,920.86,267.14
ORD000206,2025-01-21,North,Technology,Keyboard,CUST0085,8,0.05,418.0,250.91,167.09
ORD000207,2024-04-22,North,Office Supplies,Notebook,CUST0071,1,0.0,12.0,6.94,5.06
ORD000208,2025-09-04,East,Office Supplies,Notebook,CUST0043,5,0.0,60.0,37.5,22.5
ORD000209,2025-09-16,East,Technology,Monitor,CUST0065,2,0.0,560.0,357.93,202.07
ORD000210,2024-03-21,West,Furniture,Office Chair,CUST0144,8,0.0,1440.0,785.33,654.67
ORD000211,2025-11-29,West,Furniture,Office Chair,CUST0059,4,0.0,720.0,470.34,249.66
ORD000212,2024-04-22,West,Furniture,Conference Table,CUST0020,1,0.0,550.0,322.98,227.02
ORD000213,2024-01-02,West,Office Supplies,Pen Set,CUST0079,6,0.0,90.0,49.75,40.25
ORD000214,2025-10-03,North,Accessories,USB Hub,CUST0026,5,0.05,133.0,103.22,29.78
ORD000215,2024-08-07,North,Office Supplies,Stapler,CUST0042,6,0.05,51.3,30.44,20.86
ORD000216,2025-07-19,South,Furniture,Desk,CUST0147,7,0.15,1904.0,1178.4,725.6
ORD000217,2024-08-12,North,Furniture,Bookshelf,CUST0041,2,0.0,420.0,257.35,162.65
ORD000218,2025-01-19,South,Office Supplies,Notebook,CUST0104,1,0.05,11.4,8.64,2.76
ORD000219,2025-02-06,East,Furniture,Conference Table,CUST0109,4,0.0,2200.0,1494.91,705.09
ORD000220,2025-09-29,North,Accessories,Headset,CUST0008,6,0.0,390.0,223.28,166.72
ORD000221,2024-05-09,West,Accessories,USB Hub,CUST0019,5,0.05,133.0,90.44,42.56
ORD000222,2024-02-22,West,Accessories,USB Hub,CUST0119,7,0.2,156.8,98.57,58.23
ORD000223,2025-11-14,East,Technology,Monitor,CUST0059,4,0.2,896.0,694.17,201.83
ORD000224,2025-12-30,East,Technology,Keyboard,CUST0162,3,0.1,148.5,104.99,43.51
ORD000225,2025-11-02,West,Technology,Monitor,CUST0178,5,0.05,1330.0,794.13,535.87
ORD000226,2025-12-10,South,Technology,Printer,CUST0131,3,0.15,561.0,386.77,174.23
ORD000227,2025-02-19,North,Accessories,Headset,CUST0161,5,0.0,325.0,176.37,148.63
ORD000228,2024-09-03,West,Technology,Printer,CUST0023,3,0.05,627.0,448.11,178.89
ORD000229,2025-03-14,West,Office Supplies,Stapler,CUST0163,4,0.05,34.2,26.49,7.71
ORD000230,2024-07-21,East,Technology,Laptop,CUST0047,2,0.05,1710.0,890.9,819.1
ORD000231,2024-07-02,East,Technology,Laptop,CUST0067,1,0.15,765.0,453.35,311.65
ORD000232,2024-05-02,North,Office Supplies,Notebook,CUST0117,7,0.0,84.0,44.4,39.6
ORD000233,2025-02-04,West,Furniture,Conference Table,CUST0077,4,0.0,2200.0,1605.83,594.17
ORD000234,2024-10-20,West,Accessories,Webcam,CUST0098,3,0.0,255.0,143.81,111.19
ORD000235,2024-10-06,North,Furniture,Desk,CUST0030,5,0.1,1440.0,891.22,548.78
ORD000236,2025-09-01,South,Accessories,Webcam,CUST0102,1,0.05,80.75,42.56,38.19
ORD000237,2024-07-16,East,Furniture,Conference Table,CUST0028,6,0.15,2805.0,2008.46,796.54
ORD000238,2025-05-25,East,Technology,Keyboard,CUST0019,1,0.05,52.25,38.44,13.81
ORD000239,2024-05-23,North,Accessories,Headset,CUST0030,5,0.1,292.5,159.44,133.06
ORD000240,2025-08-31,South,Technology,Laptop,CUST0078,1,0.15,765.0,412.57,352.43
ORD000241,2024-07-19,North,Office Supplies,Pen Set,CUST0110,4,0.15,51.0,35.38,15.62
ORD000242,2024-05-03,North,Furniture,Conference Table,CUST0176,7,0.1,3465.0,2556.89,908.11
ORD000243,2024-07-05,North,Technology,Keyboard,CUST0069,6,0.15,280.5,183.89,96.61
ORD000244,2024-11-21,East,Technology,Laptop,CUST0137,1,0.1,810.0,531.82,278.18
ORD000245,2025-04-08,North,Office Supplies,Notebook,CUST0175,8,0.1,86.4,56.55,29.85
ORD000246,2024-12-14,South,Technology,Monitor,CUST0052,7,0.0,1960.0,1192.88,767.12
ORD000247,2025-10-21,West,Furniture,Conference Table,CUST0132,6,0.1,2970.0,2086.97,883.03
ORD000248,2025-02-06,North,Office Supplies,Pen Set,CUST0162,6,0.1,81.0,62.56,18.44
ORD000249,2024-12-11,South,Furniture,Office Chair,CUST0145,7,0.05,1197.0,899.89,297.11
ORD000250,2025-05-25,North,Technology,Monitor,CUST0093,8,0.0,2240.0,1438.32,801.68
ORD000251,2024-05-26,North,Furniture,Bookshelf,CUST0177,3,0.05,598.5,385.02,213.48
ORD000252,2024-05-27,West,Furniture,Desk,CUST0124,1,0.0,320.0,169.46,150.54
ORD000253,2025-12-11,West,Furniture,Bookshelf,CUST0054,1,0.0,210.0,130.87,79.13
ORD000254,2025-05-03,West,Accessories,Mouse,CUST0051,1,0.1,27.0,14.84,12.16
ORD000255,2025-10-01,West,Accessories,Webcam,CUST0139,5,0.1,382.5,203.36,179.14
ORD000256,2025-07-04,North,Technology,Monitor,CUST0109,8,0.05,2128.0,1333.97,794.03
ORD000257,2024-12-03,South,Office Supplies,Pen Set,CUST0008,2,0.2,24.0,17.6,6.4
ORD000258,2025-10-02,North,Accessories,Headset,CUST0084,5,0.15,276.25,146.56,129.69
ORD000259,2025-04-17,East,Office Supplies,Stapler,CUST0147,1,0.05,8.55,5.27,3.28
ORD000260,2024-05-30,West,Office Supplies,Pen Set,CUST0041,1,0.05,14.25,8.6,5.65
ORD000261,2025-02-18,East,Accessories,Webcam,CUST0010,2,0.05,161.5,108.91,52.59
ORD000262,2024-10-24,West,Furniture,Bookshelf,CUST0155,1,0.0,210.0,118.58,91.42
ORD000263,2025-09-02,North,Office Supplies,Notebook,CUST0169,8,0.2,76.8,56.31,20.49
ORD000264,2024-09-19,South,Furniture,Bookshelf,CUST0062,7,0.1,1323.0,703.01,619.99
ORD000265,2024-05-23,South,Office Supplies,Paper,CUST0107,8,0.1,57.6,42.62,14.98
ORD000266,2024-12-11,North,Furniture,Bookshelf,CUST0108,1,0.05,199.5,144.66,54.84
ORD000267,2025-09-15,South,Office Supplies,Paper,CUST0104,4,0.15,27.2,17.19,10.01
ORD000268,2025-07-25,South,Accessories,USB Hub,CUST0152,1,0.0,28.0,17.42,10.58
ORD000269,2024-01-02,North,Furniture,Conference Table,CUST0047,7,0.0,3850.0,2892.99,957.01
ORD000270,2024-10-30,East,Technology,Laptop,CUST0126,2,0.1,1620.0,985.86,634.14
ORD000271,2024-09-10,East,Office Supplies,Notebook,CUST0065,5,0.1,54.0,39.9,14.1
ORD000272,2025-10-13,North,Technology,Laptop,CUST0067,5,0.0,4500.0,3483.62,1016.38
ORD000273,2025-03-28,North,Accessories,USB Hub,CUST0051,6,0.0,168.0,104.31,63.69
ORD000274,2024-02-06,North,Technology,Keyboard,CUST0125,5,0.05,261.25,196.99,64.26
ORD000275,2024-06-08,South,Furniture,Conference Table,CUST0113,7,0.05,3657.5,2847.96,809.54
ORD000276,2024-01-09,West,Technology,Keyboard,CUST0022,4,0.0,220.0,169.93,50.07
ORD000277,2024-08-20,South,Office Supplies,Notebook,CUST0123,5,0.1,54.0,38.78,15.22
ORD000278,2024-04-08,South,Accessories,Webcam,CUST0085,8,0.1,612.0,346.43,265.57
ORD000279,2025-10-20,North,Furniture,Conference Table,CUST0092,3,0.1,1485.0,906.28,578.72
ORD000280,2024-07-26,South,Office Supplies,Notebook,CUST0017,7,0.15,71.4,40.98,30.42
ORD000281,2024-05-10,East,Office Supplies,Stapler,CUST0085,1,0.1,8.1,5.18,2.92
ORD000282,2025-02-07,South,Technology,Laptop,CUST0091,4,0.15,3060.0,1696.52,1363.48
ORD000283,2024-05-31,South,Accessories,Webcam,CUST0139,7,0.15,505.75,280.17,225.58
ORD000284,2024-02-23,West,Office Supplies,Notebook,CUST0070,4,0.05,45.6,24.12,21.48
ORD000285,2024-04-29,East,Technology,Keyboard,CUST0102,4,0.05,209.0,155.61,53.39
ORD000286,2025-11-03,West,Furniture,Desk,CUST0179,7,0.1,2016.0,1529.88,486.12
ORD000287,2025-09-19,South,Accessories,Webcam,CUST0135,3,0.1,229.5,154.63,74.87
ORD000288,2025-08-09,West,Accessories,USB Hub,CUST0113,8,0.15,190.4,120.75,69.65
ORD000289,2025-09-16,North,Furniture,Conference Table,CUST0175,6,0.05,3135.0,1655.3,1479.7
ORD000290,2025-02-23,West,Office Supplies,Paper,CUST0171,2,0.05,15.2,10.62,4.58
ORD000291,2025-02-25,North,Accessories,Headset,CUST0169,6,0.1,351.0,257.33,93.67
ORD000292,2024-04-13,East,Technology,Printer,CUST0008,6,0.0,1320.0,1028.85,291.15
ORD000293,2024-09-10,South,Accessories,USB Hub,CUST0037,7,0.0,196.0,119.34,76.66
ORD000294,2024-08-14,North,Office Supplies,Notebook,CUST0127,8,0.1,86.4,59.72,26.68
ORD000295,2024-04-21,East,Accessories,Webcam,CUST0128,8,0.05,646.0,457.38,188.62
ORD000296,2025-05-24,North,Office Supplies,Paper,CUST0173,3,0.1,21.6,14.78,6.82
ORD000297,2025-04-17,West,Office Supplies,Notebook,CUST0145,3,0.15,30.6,21.34,9.26
ORD000298,2024-04-08,North,Furniture,Desk,CUST0013,6,0.0,1920.0,1034.79,885.21
ORD000299,2024-06-01,North,Office Supplies,Paper,CUST0120,7,0.05,53.2,31.71,21.49
ORD000300,2024-12-03,North,Furniture,Bookshelf,CUST0158,7,0.05,1396.5,808.25,588.25
ORD000301,2025-12-06,North,Accessories,Mouse,CUST0081,3,0.1,81.0,44.71,36.29
ORD000302,2024-06-11,South,Office Supplies,Pen Set,CUST0148,2,0.15,25.5,16.94,8.56
ORD000303,2025-12-20,South,Office Supplies,Stapler,CUST0022,6,0.15,45.9,33.46,12.44
ORD000304,2025-11-11,North,Office Supplies,Pen Set,CUST0159,7,0.1,94.5,59.0,35.5
ORD000305,2024-06-09,West,Furniture,Desk,CUST0079,7,0.0,2240.0,1600.81,639.19
ORD000306,2025-08-02,East,Technology,Laptop,CUST0087,2,0.1,1620.0,1092.38,527.62
ORD000307,2025-02-01,North,Office Supplies,Pen Set,CUST0156,5,0.15,63.75,34.52,29.23
ORD000308,2024-10-03,North,Technology,Laptop,CUST0100,1,0.15,765.0,460.12,304.88
ORD000309,2025-05-18,South,Accessories,Webcam,CUST0179,1,0.05,80.75,61.65,19.1
ORD000310,2025-01-26,North,Technology,Monitor,CUST0120,5,0.05,1330.0,910.39,419.61
ORD000311,2024-05-14,North,Office Supplies,Paper,CUST0024,5,0.15,34.0,19.3,14.7
ORD000312,2024-07-13,East,Office Supplies,Notebook,CUST0140,1,0.05,11.4,6.24,5.16
ORD000313,2025-02-04,South,Accessories,Mouse,CUST0099,8,0.05,228.0,169.89,58.11
ORD000314,2025-10-01,East,Furniture,Desk,CUST0013,3,0.05,912.0,486.65,425.35
ORD000315,2024-02-02,South,Furniture,Office Chair,CUST0054,2,0.0,360.0,248.73,111.27
ORD000316,2025-11-18,West,Accessories,Mouse,CUST0008,7,0.1,189.0,112.79,76.21
ORD000317,2025-04-04,West,Office Supplies,Stapler,CUST0054,6,0.1,48.6,30.26,18.34
ORD000318,2025-04-14,North,Technology,Printer,CUST0118,3,0.05,627.0,335.51,291.49
ORD000319,2025-01-09,North,Office Supplies,Notebook,CUST0102,5,0.1,54.0,31.48,22.52
ORD000320,2024-01-22,East,Furniture,Desk,CUST0111,6,0.05,1824.0,1182.22,641.78
ORD000321,2025-10-31,East,Furniture,Conference Table,CUST0122,8,0.1,3960.0,2962.83,997.17
ORD000322,2024-02-07,West,Furniture,Desk,CUST0104,7,0.1,2016.0,1453.45,562.55
ORD000323,2024-08-17,North,Technology,Printer,CUST0162,5,0.0,1100.0,681.42,418.58
ORD000324,2024-12-30,North,Technology,Keyboard,CUST0007,5,0.05,261.25,186.05,75.2
ORD000325,2025-07-16,East,Furniture,Desk,CUST0135,8,0.05,2432.0,1673.41,758.59
ORD000326,2025-03-13,North,Accessories,Webcam,CUST0045,3,0.15,216.75,146.87,69.88
ORD000327,2024-10-09,West,Furniture,Conference Table,CUST0156,5,0.0,2750.0,1606.32,1143.68
ORD000328,2024-01-27,South,Furniture,Conference Table,CUST0119,2,0.1,990.0,769.68,220.32
ORD000329,2024-08-13,East,Office Supplies,Pen Set,CUST0017,3,0.2,36.0,19.43,16.57
ORD000330,2024-10-03,East,Technology,Printer,CUST0045,1,0.1,198.0,143.18,54.82
ORD000331,2025-08-31,West,Technology,Laptop,CUST0065,8,0.15,6120.0,3443.17,2676.83
ORD000332,2024-10-10,South,Furniture,Conference Table,CUST0174,6,0.05,3135.0,2355.75,779.25
ORD000333,2025-04-25,West,Technology,Laptop,CUST0054,4,0.1,3240.0,2061.92,1178.08
ORD000334,2025-03-28,East,Furniture,Desk,CUST0046,7,0.05,2128.0,1631.66,496.34
ORD000335,2025-10-20,West,Technology,Monitor,CUST0141,6,0.05,1596.0,1056.73,539.27
ORD000336,2025-05-30,North,Furniture,Bookshelf,CUST0108,5,0.05,997.5,751.51,245.99
ORD000337,2025-06-30,West,Accessories,USB Hub,CUST0070,2,0.15,47.6,27.75,19.85
ORD000338,2024-07-10,West,Technology,Printer,CUST0076,8,0.05,1672.0,1283.74,388.26
ORD000339,2024-02-18,West,Technology,Laptop,CUST0154,7,0.0,6300.0,4295.4,2004.6
ORD000340,2025-05-26,West,Technology,Printer,CUST0043,3,0.05,627.0,439.88,187.12
ORD000341,2024-01-17,West,Furniture,Desk,CUST0096,8,0.0,2560.0,1648.62,911.38
ORD000342,2024-06-20,East,Furniture,Desk,CUST0086,7,0.1,2016.0,1551.6,464.4
ORD000343,2024-08-07,North,Accessories,USB Hub,CUST0156,2,0.1,50.4,31.15,19.25
ORD000344,2024-06-06,North,Technology,Keyboard,CUST0176,2,0.05,104.5,77.38,27.12
ORD000345,2025-04-21,North,Technology,Laptop,CUST0010,5,0.05,4275.0,2959.3,1315.7
ORD000346,2024-02-15,South,Accessories,Headset,CUST0089,3,0.2,156.0,101.18,54.82
ORD000347,2025-01-07,East,Office Supplies,Notebook,CUST0113,4,0.1,43.2,32.78,10.42
ORD000348,2025-06-01,South,Furniture,Desk,CUST0091,2,0.2,512.0,317.67,194.33
ORD000349,2024-04-08,North,Furniture,Office Chair,CUST0087,2,0.15,306.0,236.64,69.36
ORD000350,2024-02-06,West,Furniture,Bookshelf,CUST0098,5,0.0,1050.0,593.84,456.16
ORD000351,2024-10-06,West,Office Supplies,Notebook,CUST0149,5,0.1,54.0,35.99,18.01
ORD000352,2024-12-14,West,Furniture,Desk,CUST0071,5,0.05,1520.0,1143.75,376.25
ORD000353,2025-05-11,South,Accessories,Mouse,CUST0116,4,0.15,102.0,76.61,25.39
ORD000354,2024-10-28,North,Technology,Printer,CUST0068,3,0.1,594.0,313.95,280.05
ORD000355,2024-06-29,South,Furniture,Bookshelf,CUST0164,3,0.0,630.0,463.02,166.98
ORD000356,2025-08-29,South,Office Supplies,Pen Set,CUST0116,4,0.0,60.0,44.86,15.14
ORD000357,2024-04-08,South,Furniture,Office Chair,CUST0054,5,0.1,810.0,421.2,388.8
ORD000358,2025-11-30,West,Furniture,Office Chair,CUST0003,7,0.0,1260.0,658.51,601.49
ORD000359,2024-04-25,East,Accessories,Headset,CUST0164,4,0.05,247.0,175.43,71.57
ORD000360,2024-07-09,West,Office Supplies,Notebook,CUST0025,2,0.05,22.8,13.78,9.02
ORD000361,2024-09-09,North,Technology,Keyboard,CUST0039,6,0.05,313.5,244.49,69.01
ORD000362,2024-06-09,South,Technology,Monitor,CUST0031,5,0.0,1400.0,866.57,533.43
ORD000363,2024-09-12,North,Office Supplies,Pen Set,CUST0010,7,0.1,94.5,55.75,38.75
ORD000364,2024-11-18,East,Furniture,Office Chair,CUST0101,4,0.1,648.0,358.85,289.15
ORD000365,2024-05-07,East,Technology,Laptop,CUST0088,3,0.05,2565.0,1955.97,609.03
ORD000366,2024-01-18,East,Technology,Keyboard,CUST0122,3,0.15,140.25,77.38,62.87
ORD000367,2025-07-19,South,Office Supplies,Stapler,CUST0141,2,0.15,15.3,8.73,6.57
ORD000368,2025-07-23,West,Technology,Printer,CUST0112,3,0.0,660.0,474.43,185.57
ORD000369,2024-11-18,East,Office Supplies,Paper,CUST0032,1,0.05,7.6,4.27,3.33
ORD000370,2025-11-16,South,Furniture,Conference Table,CUST0078,3,0.1,1485.0,820.22,664.78
ORD000371,2025-09-17,West,Office Supplies,Stapler,CUST0083,7,0.0,63.0,44.31,18.69
ORD000372,2024-10-14,West,Office Supplies,Notebook,CUST0080,3,0.05,34.2,20.53,13.67
ORD000373,2025-10-24,West,Accessories,Mouse,CUST0123,6,0.1,162.0,100.94,61.06
ORD000374,2025-09-30,North,Accessories,Mouse,CUST0022,4,0.1,108.0,65.05,42.95
ORD000375,2024-06-03,North,Office Supplies,Notebook,CUST0016,6,0.1,64.8,43.33,21.47
ORD000376,2025-05-04,North,Accessories,Webcam,CUST0012,8,0.0,680.0,386.65,293.35
ORD000377,2025-01-20,North,Furniture,Bookshelf,CUST0057,4,0.1,756.0,458.78,297.22
ORD000378,2024-04-13,North,Accessories,Mouse,CUST0019,3,0.05,85.5,46.33,39.17
ORD000379,2025-01-27,North,Office Supplies,Paper,CUST0084,7,0.05,53.2,41.25,11.95
ORD000380,2024-09-02,North,Office Supplies,Paper,CUST0148,7,0.05,53.2,38.05,15.15
ORD000381,2024-06-24,West,Technology,Monitor,CUST0157,1,0.2,224.0,120.41,103.59
ORD000382,2024-02-08,West,Accessories,Headset,CUST0082,5,0.2,260.0,172.75,87.25
ORD000383,2025-04-21,North,Office Supplies,Notebook,CUST0010,1,0.05,11.4,6.71,4.69
ORD000384,2025-11-12,North,Furniture,Bookshelf,CUST0154,4,0.1,756.0,528.7,227.3
ORD000385,2025-06-21,North,Office Supplies,Paper,CUST0148,7,0.2,44.8,26.76,18.04
ORD000386,2025-02-11,North,Office Supplies,Pen Set,CUST0067,2,0.05,28.5,14.93,13.57
ORD000387,2025-06-08,East,Furniture,Bookshelf,CUST0100,1,0.1,189.0,126.96,62.04
ORD000388,2025-05-20,West,Technology,Monitor,CUST0053,1,0.0,280.0,178.29,101.71
ORD000389,2024-02-05,West,Accessories,Headset,CUST0098,5,0.0,325.0,218.65,106.35
ORD000390,2025-11-15,South,Furniture,Office Chair,CUST0137,1,0.05,171.0,130.55,40.45
ORD000391,2024-01-20,North,Furniture,Office Chair,CUST0032,1,0.15,153.0,87.06,65.94
ORD000392,2024-11-16,North,Technology,Monitor,CUST0085,2,0.1,504.0,304.94,199.06
ORD000393,2025-05-26,West,Accessories,USB Hub,CUST0154,4,0.05,106.4,75.34,31.06
ORD000394,2025-02-03,East,Accessories,USB Hub,CUST0168,1,0.1,25.2,17.7,7.5
ORD000395,2025-10-15,West,Office Supplies,Notebook,CUST0110,8,0.15,81.6,43.06,38.54
ORD000396,2025-04-15,West,Technology,Printer,CUST0058,3,0.05,627.0,445.49,181.51
ORD000397,2024-05-22,North,Office Supplies,Pen Set,CUST0127,8,0.05,114.0,85.51,28.49
ORD000398,2024-04-01,South,Accessories,Webcam,CUST0065,8,0.0,680.0,462.65,217.35
ORD000399,2024-12-19,East,Technology,Keyboard,CUST0134,3,0.1,148.5,93.73,54.77
ORD000400,2025-12-27,North,Office Supplies,Paper,CUST0082,4,0.15,27.2,20.22,6.98
ORD000401,2024-02-20,South,Office Supplies,Notebook,CUST0168,2,0.0,24.0,16.88,7.12
ORD000402,2025-10-26,North,Furniture,Conference Table,CUST0150,7,0.0,3850.0,2827.57,1022.43
ORD000403,2025-11-28,North,Office Supplies,Stapler,CUST0107,4,0.1,32.4,20.28,12.12
ORD000404,2025-07-28,North,Furniture,Conference Table,CUST0121,1,0.1,495.0,310.12,184.88
ORD000405,2024-07-08,North,Technology,Monitor,CUST0021,5,0.0,1400.0,795.58,604.42
ORD000406,2024-05-04,West,Office Supplies,Paper,CUST0129,4,0.05,30.4,22.18,8.22
ORD000407,2024-05-29,South,Furniture,Conference Table,CUST0063,2,0.1,990.0,606.66,383.34
ORD000408,2024-11-09,West,Technology,Printer,CUST0133,7,0.0,1540.0,1124.85,415.15
ORD000409,2025-07-23,South,Furniture,Desk,CUST0061,2,0.15,544.0,406.83,137.17
ORD000410,2024-12-07,West,Furniture,Bookshelf,CUST0170,7,0.0,1470.0,1092.64,377.36
ORD000411,2024-10-31,West,Accessories,USB Hub,CUST0029,3,0.05,79.8,41.77,38.03
ORD000412,2025-11-22,North,Furniture,Bookshelf,CUST0045,6,0.05,1197.0,774.74,422.26
ORD000413,2025-11-12,West,Technology,Printer,CUST0150,5,0.1,990.0,647.34,342.66
ORD000414,2024-02-23,North,Office Supplies,Stapler,CUST0122,3,0.1,24.3,18.21,6.09
ORD000415,2025-03-19,East,Furniture,Conference Table,CUST0167,2,0.1,990.0,671.24,318.76
ORD000416,2025-09-04,North,Technology,Monitor,CUST0072,6,0.0,1680.0,1292.87,387.13
ORD000417,2024-09-20,South,Accessories,Mouse,CUST0168,6,0.15,153.0,106.57,46.43
ORD000418,2024-02-22,North,Office Supplies,Notebook,CUST0162,2,0.05,22.8,17.02,5.78
ORD000419,2025-07-25,North,Technology,Keyboard,CUST0039,1,0.05,52.25,39.85,12.4
ORD000420,2025-09-11,East,Technology,Monitor,CUST0007,5,0.05,1330.0,1001.32,328.68
ORD000421,2024-01-05,South,Office Supplies,Paper,CUST0131,1,0.1,7.2,5.35,1.85
ORD000422,2024-04-12,North,Office Supplies,Notebook,CUST0156,2,0.05,22.8,11.92,10.88
ORD000423,2024-07-14,West,Office Supplies,Pen Set,CUST0108,1,0.15,12.75,7.3,5.45
ORD000424,2024-12-15,East,Furniture,Office Chair,CUST0173,5,0.0,900.0,668.06,231.94
ORD000425,2024-02-16,North,Furniture,Bookshelf,CUST0128,6,0.1,1134.0,594.25,539.75
ORD000426,2025-10-17,North,Technology,Printer,CUST0036,6,0.05,1254.0,828.72,425.28
ORD000427,2024-09-25,East,Accessories,USB Hub,CUST0079,5,0.05,133.0,86.91,46.09
ORD000428,2025-01-04,East,Technology,Laptop,CUST0064,5,0.05,4275.0,2300.81,1974.19
ORD000429,2025-09-27,South,Office Supplies,Paper,CUST0107,3,0.05,22.8,12.12,10.68
ORD000430,2024-04-15,North,Accessories,Headset,CUST0159,6,0.15,331.5,204.55,126.95
ORD000431,2025-10-31,North,Accessories,Mouse,CUST0058,8,0.0,240.0,172.63,67.37
ORD000432,2025-10-20,South,Office Supplies,Notebook,CUST0044,8,0.1,86.4,48.08,38.32
ORD000433,2025-10-18,East,Office Supplies,Paper,CUST0145,7,0.15,47.6,34.03,13.57
ORD000434,2024-04-29,East,Technology,Keyboard,CUST0062,8,0.1,396.0,293.7,102.3
ORD000435,2025-08-26,South,Technology,Monitor,CUST0059,3,0.05,798.0,456.92,341.08
ORD000436,2024-02-27,North,Technology,Laptop,CUST0139,6,0.15,4590.0,3251.23,1338.77
ORD000437,2024-12-11,East,Technology,Laptop,CUST0146,2,0.05,1710.0,1254.59,455.41
ORD000438,2025-04-18,South,Accessories,Mouse,CUST0061,6,0.1,162.0,111.06,50.94
ORD000439,2024-04-26,West,Furniture,Office Chair,CUST0100,5,0.1,810.0,467.26,342.74
ORD000440,2024-05-06,East,Accessories,Headset,CUST0119,7,0.15,386.75,247.52,139.23
ORD000441,2025-01-27,West,Technology,Printer,CUST0001,4,0.05,836.0,528.69,307.31
ORD000442,2025-10-02,North,Furniture,Desk,CUST0060,5,0.15,1360.0,998.68,361.32
ORD000443,2024-02-27,West,Technology,Monitor,CUST0157,1,0.15,238.0,178.72,59.28
ORD000444,2025-09-25,West,Furniture,Office Chair,CUST0125,2,0.1,324.0,236.94,87.06
ORD000445,2025-05-27,West,Technology,Printer,CUST0061,4,0.05,836.0,597.35,238.65
ORD000446,2024-04-05,South,Accessories,Mouse,CUST0113,7,0.0,210.0,131.65,78.35
ORD000447,2025-09-29,South,Accessories,Webcam,CUST0048,3,0.05,242.25,126.83,115.42
ORD000448,2024-04-27,North,Furniture,Desk,CUST0100,6,0.15,1632.0,1148.28,483.72
ORD000449,2025-07-13,East,Technology,Keyboard,CUST0085,2,0.1,99.0,67.56,31.44
ORD000450,2025-08-23,East,Furniture,Bookshelf,CUST0074,5,0.1,945.0,671.5,273.5
ORD000451,2025-05-02,North,Technology,Laptop,CUST0028,3,0.15,2295.0,1419.63,875.37
ORD000452,2024-08-24,South,Furniture,Bookshelf,CUST0113,5,0.2,840.0,578.65,261.35
ORD000453,2024-09-28,East,Furniture,Desk,CUST0155,3,0.15,816.0,601.01,214.99
ORD000454,2024-07-07,North,Office Supplies,Stapler,CUST0169,3,0.0,27.0,17.55,9.45
ORD000455,2025-12-04,East,Office Supplies,Notebook,CUST0071,2,0.1,21.6,15.43,6.17
ORD000456,2025-03-22,North,Office Supplies,Paper,CUST0093,6,0.05,45.6,31.63,13.97
ORD000457,2025-08-03,North,Accessories,Headset,CUST0012,8,0.0,520.0,293.58,226.42
ORD000458,2024-09-03,West,Furniture,Conference Table,CUST0013,3,0.1,1485.0,1140.36,344.64
ORD000459,2024-03-16,West,Technology,Laptop,CUST0108,2,0.15,1530.0,1027.59,502.41
ORD000460,2024-06-02,East,Furniture,Desk,CUST0128,5,0.05,1520.0,823.82,696.18
ORD000461,2025-10-17,West,Office Supplies,Paper,CUST0176,6,0.1,43.2,28.1,15.1
ORD000462,2025-03-10,South,Furniture,Bookshelf,CUST0037,7,0.0,1470.0,841.05,628.95
ORD000463,2024-03-26,East,Accessories,Webcam,CUST0110,1,0.05,80.75,59.78,20.97
ORD000464,2025-11-27,South,Furniture,Bookshelf,CUST0094,4,0.15,714.0,529.55,184.45
ORD000465,2024-10-11,South,Furniture,Desk,CUST0020,2,0.05,608.0,342.74,265.26
ORD000466,2024-08-07,North,Technology,Printer,CUST0037,4,0.05,836.0,549.89,286.11
ORD000467,2024-03-09,North,Office Supplies,Pen Set,CUST0110,4,0.05,57.0,41.47,15.53
ORD000468,2024-02-16,North,Office Supplies,Notebook,CUST0164,4,0.15,40.8,25.09,15.71
ORD000469,2024-04-03,West,Office Supplies,Pen Set,CUST0166,2,0.15,25.5,14.23,11.27
ORD000470,2025-03-28,South,Accessories,Webcam,CUST0046,6,0.05,484.5,290.04,194.46
ORD000471,2024-07-22,South,Accessories,Mouse,CUST0099,2,0.1,54.0,30.1,23.9
ORD000472,2024-08-05,South,Technology,Printer,CUST0057,1,0.05,209.0,162.16,46.84
ORD000473,2025-04-18,South,Office Supplies,Notebook,CUST0018,1,0.0,12.0,7.32,4.68
ORD000474,2025-03-07,East,Office Supplies,Pen Set,CUST0167,2,0.05,28.5,18.81,9.69
ORD000475,2024-12-06,West,Office Supplies,Pen Set,CUST0077,4,0.0,60.0,39.36,20.64
ORD000476,2025-07-04,East,Office Supplies,Paper,CUST0048,6,0.15,40.8,25.05,15.75
ORD000477,2025-09-03,East,Furniture,Bookshelf,CUST0141,3,0.1,567.0,313.42,253.58
ORD000478,2024-10-15,North,Accessories,Mouse,CUST0014,3,0.1,81.0,52.92,28.08
ORD000479,2024-09-10,West,Office Supplies,Pen Set,CUST0166,8,0.05,114.0,78.89,35.11
ORD000480,2024-12-22,South,Accessories,Mouse,CUST0150,4,0.05,114.0,71.33,42.67
ORD000481,2024-01-23,West,Office Supplies,Stapler,CUST0032,8,0.05,68.4,49.54,18.86
ORD000482,2025-06-05,West,Office Supplies,Paper,CUST0069,4,0.1,28.8,21.3,7.5
ORD000483,2024-04-09,North,Technology,Laptop,CUST0127,7,0.0,6300.0,4707.73,1592.27
ORD000484,2024-06-28,East,Technology,Laptop,CUST0081,2,0.1,1620.0,1106.63,513.37
ORD000485,2024-08-10,East,Technology,Laptop,CUST0109,5,0.0,4500.0,2908.77,1591.23
ORD000486,2025-10-20,North,Accessories,USB Hub,CUST0156,2,0.1,50.4,33.94,16.46
ORD000487,2025-03-17,East,Office Supplies,Pen Set,CUST0103,6,0.05,85.5,57.73,27.77
ORD000488,2025-08-30,South,Accessories,Headset,CUST0094,6,0.05,370.5,257.62,112.88
ORD000489,2024-11-20,East,Technology,Keyboard,CUST0108,3,0.1,148.5,112.38,36.12
ORD000490,2025-05-30,East,Furniture,Bookshelf,CUST0111,6,0.1,1134.0,718.87,415.13
ORD000491,2024-01-16,West,Technology,Keyboard,CUST0136,8,0.0,440.0,234.48,205.52
ORD000492,2024-12-01,East,Furniture,Desk,CUST0139,3,0.15,816.0,507.51,308.49
ORD000493,2024-09-14,West,Office Supplies,Paper,CUST0168,8,0.1,57.6,42.78,14.82
ORD000494,2025-05-11,South,Accessories,Headset,CUST0054,6,0.0,390.0,286.64,103.36
ORD000495,2024-06-08,North,Technology,Laptop,CUST0063,3,0.05,2565.0,1555.35,1009.65
ORD000496,2025-04-19,North,Technology,Keyboard,CUST0028,1,0.1,49.5,28.22,21.28
ORD000497,2025-10-25,East,Accessories,Webcam,CUST0043,4,0.1,306.0,181.2,124.8
ORD000498,2025-11-20,North,Furniture,Office Chair,CUST0083,8,0.1,1296.0,790.81,505.19
ORD000499,2025-11-05,North,Furniture,Bookshelf,CUST0048,8,0.05,1596.0,938.24,657.76
ORD000500,2025-01-14,West,Accessories,Webcam,CUST0155,8,0.05,646.0,491.89,154.11
ORD000501,2025-06-28,East,Technology,Printer,CUST0025,7,0.0,1540.0,1188.42,351.58
ORD000502,2025-11-21,North,Accessories,Webcam,CUST0148,6,0.0,510.0,385.17,124.83
ORD000503,2025-03-02,North,Office Supplies,Stapler,CUST0113,8,0.15,61.2,43.87,17.33
ORD000504,2025-09-04,West,Technology,Printer,CUST0095,4,0.05,836.0,522.19,313.81
ORD000505,2024-09-24,West,Furniture,Conference Table,CUST0089,7,0.05,3657.5,2003.71,1653.79
ORD000506,2025-07-30,South,Office Supplies,Paper,CUST0116,1,0.15,6.8,4.99,1.81
ORD000507,2025-02-20,West,Furniture,Bookshelf,CUST0021,6,0.1,1134.0,717.59,416.41
ORD000508,2024-06-16,East,Office Supplies,Stapler,CUST0091,1,0.0,9.0,5.19,3.81
ORD000509,2024-02-12,West,Accessories,USB Hub,CUST0138,8,0.1,201.6,151.92,49.68
ORD000510,2025-07-09,North,Furniture,Office Chair,CUST0055,3,0.15,459.0,251.15,207.85
ORD000511,2024-10-11,West,Furniture,Bookshelf,CUST0002,5,0.0,1050.0,790.53,259.47
ORD000512,2025-01-31,East,Office Supplies,Pen Set,CUST0090,3,0.1,40.5,22.15,18.35
ORD000513,2024-01-12,South,Office Supplies,Pen Set,CUST0094,5,0.0,75.0,47.26,27.74
ORD000514,2025-08-29,West,Technology,Keyboard,CUST0052,8,0.05,418.0,222.83,195.17
ORD000515,2024-10-28,South,Technology,Laptop,CUST0170,8,0.2,5760.0,3855.48,1904.52
ORD000516,2024-09-09,North,Accessories,Mouse,CUST0175,3,0.05,85.5,52.52,32.98
ORD000517,2025-05-13,North,Technology,Monitor,CUST0173,1,0.15,238.0,145.93,92.07
ORD000518,2024-02-04,North,Accessories,Headset,CUST0027,8,0.15,442.0,324.49,117.51
ORD000519,2025-12-27,South,Office Supplies,Paper,CUST0058,3,0.0,24.0,16.72,7.28
ORD000520,2024-03-30,East,Office Supplies,Notebook,CUST0059,7,0.05,79.8,49.96,29.84
ORD000521,2025-08-27,South,Office Supplies,Stapler,CUST0128,1,0.1,8.1,4.36,3.74
ORD000522,2025-08-24,East,Technology,Keyboard,CUST0163,3,0.0,165.0,115.54,49.46
ORD000523,2025-02-21,East,Furniture,Conference Table,CUST0061,2,0.15,935.0,684.25,250.75
ORD000524,2024-04-24,North,Furniture,Bookshelf,CUST0058,1,0.05,199.5,142.64,56.86
ORD000525,2025-09-08,North,Office Supplies,Notebook,CUST0144,7,0.05,79.8,53.04,26.76
ORD000526,2024-07-14,North,Technology,Laptop,CUST0136,8,0.15,6120.0,4068.76,2051.24
ORD000527,2025-05-15,North,Furniture,Bookshelf,CUST0108,7,0.0,1470.0,1103.1,366.9
ORD000528,2025-09-17,South,Accessories,Headset,CUST0146,8,0.05,494.0,353.52,140.48
ORD000529,2025-05-07,South,Technology,Laptop,CUST0151,4,0.05,3420.0,2572.98,847.02
ORD000530,2024-03-15,West,Accessories,Headset,CUST0151,5,0.05,308.75,190.98,117.77
ORD000531,2025-02-16,West,Furniture,Desk,CUST0006,8,0.1,2304.0,1362.45,941.55
ORD000532,2025-01-10,East,Furniture,Bookshelf,CUST0132,2,0.0,420.0,325.24,94.76
ORD000533,2025-02-23,East,Furniture,Office Chair,CUST0035,5,0.15,765.0,560.98,204.02
ORD000534,2025-12-29,South,Accessories,USB Hub,CUST0003,7,0.05,186.2,144.77,41.43
ORD000535,2024-10-03,East,Accessories,USB Hub,CUST0073,1,0.05,26.6,15.94,10.66
ORD000536,2025-11-06,West,Technology,Keyboard,CUST0030,5,0.05,261.25,172.97,88.28
ORD000537,2025-01-28,North,Office Supplies,Stapler,CUST0058,8,0.05,68.4,49.75,18.65
ORD000538,2025-04-01,North,Furniture,Bookshelf,CUST0010,6,0.0,1260.0,765.15,494.85
ORD000539,2024-07-10,West,Technology,Keyboard,CUST0126,6,0.2,264.0,146.58,117.42
ORD000540,2025-11-19,North,Accessories,USB Hub,CUST0018,2,0.0,56.0,29.69,26.31
ORD000541,2024-04-08,East,Accessories,Webcam,CUST0048,6,0.1,459.0,276.12,182.88
ORD000542,2025-07-01,South,Office Supplies,Pen Set,CUST0155,7,0.0,105.0,56.29,48.71
ORD000543,2024-04-05,West,Office Supplies,Paper,CUST0124,7,0.05,53.2,35.27,17.93
ORD000544,2025-10-25,North,Furniture,Desk,CUST0008,7,0.0,2240.0,1296.47,943.53
ORD000545,2025-10-24,North,Accessories,USB Hub,CUST0158,6,0.05,159.6,119.12,40.48
ORD000546,2024-07-08,West,Technology,Monitor,CUST0029,5,0.15,1190.0,853.66,336.34
ORD000547,2024-02-06,East,Furniture,Conference Table,CUST0064,4,0.0,2200.0,1471.18,728.82
ORD000548,2025-01-03,North,Furniture,Bookshelf,CUST0130,4,0.1,756.0,461.24,294.76
ORD000549,2025-11-25,North,Furniture,Conference Table,CUST0034,6,0.0,3300.0,2052.26,1247.74
ORD000550,2025-06-08,West,Technology,Monitor,CUST0164,4,0.15,952.0,716.74,235.26
ORD000551,2024-10-05,South,Technology,Keyboard,CUST0148,6,0.15,280.5,203.51,76.99
ORD000552,2024-08-04,North,Office Supplies,Pen Set,CUST0165,5,0.0,75.0,53.39,21.61
ORD000553,2024-09-29,South,Technology,Printer,CUST0095,2,0.0,440.0,279.65,160.35
ORD000554,2024-03-02,North,Accessories,Webcam,CUST0159,7,0.1,535.5,358.91,176.59
ORD000555,2025-08-18,West,Furniture,Office Chair,CUST0060,3,0.05,513.0,323.78,189.22
ORD000556,2025-12-29,West,Office Supplies,Pen Set,CUST0088,6,0.0,90.0,56.85,33.15
ORD000557,2024-12-07,North,Accessories,Webcam,CUST0095,7,0.0,595.0,436.0,159.0
ORD000558,2025-01-31,West,Furniture,Bookshelf,CUST0130,1,0.1,189.0,136.65,52.35
ORD000559,2025-11-29,North,Office Supplies,Pen Set,CUST0075,2,0.05,28.5,15.51,12.99
ORD000560,2024-01-19,North,Accessories,USB Hub,CUST0144,3,0.1,75.6,51.17,24.43
ORD000561,2024-06-25,South,Technology,Monitor,CUST0010,6,0.0,1680.0,881.63,798.37
ORD000562,2025-09-03,South,Office Supplies,Pen Set,CUST0165,8,0.1,108.0,62.3,45.7
ORD000563,2025-01-30,East,Office Supplies,Notebook,CUST0080,4,0.1,43.2,23.74,19.46
ORD000564,2025-03-20,East,Furniture,Desk,CUST0010,4,0.05,1216.0,779.44,436.56
ORD000565,2024-08-20,West,Technology,Monitor,CUST0124,7,0.1,1764.0,1112.84,651.16
ORD000566,2024-03-16,South,Office Supplies,Stapler,CUST0015,7,0.15,53.55,33.39,20.16
ORD000567,2024-09-21,North,Accessories,USB Hub,CUST0078,7,0.1,176.4,94.91,81.49
ORD000568,2025-03-30,South,Accessories,USB Hub,CUST0036,8,0.15,190.4,106.47,83.93
ORD000569,2025-12-18,East,Accessories,Headset,CUST0096,8,0.2,416.0,281.81,134.19
ORD000570,2025-01-18,East,Office Supplies,Pen Set,CUST0123,6,0.05,85.5,44.48,41.02
ORD000571,2025-07-17,East,Technology,Laptop,CUST0140,8,0.0,7200.0,4572.11,2627.89
ORD000572,2025-05-20,West,Furniture,Office Chair,CUST0044,5,0.05,855.0,474.52,380.48
ORD000573,2025-01-01,West,Accessories,Headset,CUST0087,2,0.05,123.5,92.93,30.57
ORD000574,2024-05-23,South,Office Supplies,Paper,CUST0017,3,0.0,24.0,16.92,7.08
ORD000575,2024-03-09,North,Office Supplies,Stapler,CUST0035,7,0.15,53.55,40.3,13.25
ORD000576,2024-04-08,North,Accessories,Mouse,CUST0069,1,0.05,28.5,19.76,8.74
ORD000577,2025-01-30,South,Furniture,Office Chair,CUST0075,1,0.05,171.0,93.22,77.78
ORD000578,2024-01-25,South,Accessories,Headset,CUST0020,5,0.0,325.0,174.56,150.44
ORD000579,2025-04-13,South,Office Supplies,Notebook,CUST0157,5,0.05,57.0,35.61,21.39
ORD000580,2025-04-28,South,Accessories,USB Hub,CUST0108,3,0.05,79.8,56.82,22.98
ORD000581,2025-07-18,North,Office Supplies,Notebook,CUST0102,7,0.15,71.4,46.41,24.99
ORD000582,2024-05-30,North,Technology,Keyboard,CUST0111,4,0.1,198.0,118.79,79.21
ORD000583,2024-05-23,North,Office Supplies,Stapler,CUST0115,8,0.0,72.0,55.48,16.52
ORD000584,2025-07-22,South,Furniture,Bookshelf,CUST0039,1,0.0,210.0,112.31,97.69
ORD000585,2024-02-08,East,Accessories,Webcam,CUST0011,6,0.0,510.0,304.41,205.59
ORD000586,2024-04-18,South,Technology,Keyboard,CUST0170,6,0.05,313.5,188.11,125.39
ORD000587,2025-11-23,West,Technology,Keyboard,CUST0007,3,0.0,165.0,124.14,40.86
ORD000588,2024-02-11,West,Office Supplies,Notebook,CUST0171,4,0.1,43.2,28.71,14.49
ORD000589,2024-07-04,North,Accessories,Mouse,CUST0125,8,0.15,204.0,157.8,46.2
ORD000590,2025-02-01,West,Office Supplies,Notebook,CUST0110,4,0.05,45.6,32.68,12.92
ORD000591,2024-08-10,West,Furniture,Conference Table,CUST0111,7,0.1,3465.0,2088.27,1376.73
ORD000592,2025-09-25,North,Furniture,Office Chair,CUST0035,3,0.0,540.0,304.11,235.89
ORD000593,2024-05-12,North,Office Supplies,Notebook,CUST0079,6,0.05,68.4,42.69,25.71
ORD000594,2024-06-11,South,Furniture,Office Chair,CUST0166,2,0.1,324.0,220.41,103.59
ORD000595,2024-08-02,West,Furniture,Office Chair,CUST0074,6,0.0,1080.0,617.1,462.9
ORD000596,2024-08-22,East,Furniture,Bookshelf,CUST0001,2,0.05,399.0,242.55,156.45
ORD000597,2025-10-19,North,Technology,Printer,CUST0004,1,0.1,198.0,138.9,59.1
ORD000598,2025-08-10,South,Office Supplies,Stapler,CUST0036,5,0.1,40.5,24.7,15.8
ORD000599,2024-01-09,East,Office Supplies,Paper,CUST0157,8,0.15,54.4,33.89,20.51
ORD000600,2024-03-14,West,Technology,Keyboard,CUST0048,7,0.1,346.5,187.44,159.06
ORD000601,2025-05-06,East,Furniture,Conference Table,CUST0066,4,0.0,2200.0,1324.19,875.81
ORD000602,2024-09-09,South,Office Supplies,Stapler,CUST0001,2,0.05,17.1,13.08,4.02
ORD000603,2024-08-17,West,Furniture,Desk,CUST0152,5,0.05,1520.0,1028.84,491.16
ORD000604,2025-06-02,South,Furniture,Office Chair,CUST0033,6,0.15,918.0,637.81,280.19
ORD000605,2024-06-22,West,Technology,Printer,CUST0076,3,0.05,627.0,468.5,158.5
ORD000606,2025-10-14,East,Accessories,Mouse,CUST0117,5,0.05,142.5,97.96,44.54
ORD000607,2024-06-16,East,Technology,Monitor,CUST0161,3,0.05,798.0,571.01,226.99
ORD000608,2024-06-18,West,Accessories,Webcam,CUST0098,4,0.0,340.0,200.18,139.82
ORD000609,2025-01-27,North,Office Supplies,Stapler,CUST0085,7,0.1,56.7,41.05,15.65
ORD000610,2025-09-25,West,Furniture,Conference Table,CUST0119,7,0.1,3465.0,2000.44,1464.56
ORD000611,2024-07-12,North,Furniture,Desk,CUST0053,8,0.15,2176.0,1577.19,598.81
ORD000612,2025-05-31,East,Furniture,Desk,CUST0111,2,0.0,640.0,406.32,233.68
ORD000613,2024-01-29,North,Technology,Monitor,CUST0038,7,0.1,1764.0,1093.9,670.1
ORD000614,2024-06-13,West,Furniture,Bookshelf,CUST0132,8,0.15,1428.0,796.52,631.48
ORD000615,2025-02-25,North,Technology,Keyboard,CUST0009,7,0.1,346.5,269.78,76.72
ORD000616,2024-12-04,North,Office Supplies,Notebook,CUST0169,7,0.0,84.0,44.64,39.36
ORD000617,2025-10-09,East,Accessories,Mouse,CUST0113,1,0.05,28.5,19.19,9.31
ORD000618,2025-05-10,West,Technology,Printer,CUST0169,4,0.0,880.0,576.25,303.75
ORD000619,2024-12-30,West,Technology,Keyboard,CUST0141,7,0.1,346.5,184.41,162.09
ORD000620,2024-12-07,North,Technology,Printer,CUST0056,4,0.0,880.0,470.28,409.72
ORD000621,2025-05-14,South,Furniture,Bookshelf,CUST0046,8,0.0,1680.0,1020.09,659.91
ORD000622,2025-10-18,West,Accessories,USB Hub,CUST0094,8,0.1,201.6,155.32,46.28
ORD000623,2025-05-25,North,Furniture,Office Chair,CUST0045,6,0.1,972.0,557.95,414.05
ORD000624,2024-11-22,West,Furniture,Bookshelf,CUST0147,5,0.05,997.5,609.46,388.04
ORD000625,2024-08-04,East,Accessories,Mouse,CUST0051,6,0.15,153.0,88.5,64.5
ORD000626,2024-10-27,North,Office Supplies,Stapler,CUST0092,6,0.0,54.0,39.46,14.54
ORD000627,2024-05-11,West,Office Supplies,Notebook,CUST0037,3,0.0,36.0,20.42,15.58
ORD000628,2024-03-10,East,Office Supplies,Stapler,CUST0087,8,0.1,64.8,40.48,24.32
ORD000629,2024-09-08,North,Office Supplies,Stapler,CUST0072,8,0.1,64.8,50.44,14.36
ORD000630,2025-02-18,East,Technology,Keyboard,CUST0065,2,0.15,93.5,72.72,20.78
ORD000631,2025-03-20,East,Furniture,Bookshelf,CUST0077,3,0.1,567.0,381.67,185.33
ORD000632,2024-06-30,North,Office Supplies,Paper,CUST0045,5,0.05,38.0,25.23,12.77
ORD000633,2024-06-15,West,Technology,Printer,CUST0176,8,0.05,1672.0,1075.07,596.93
ORD000634,2024-03-31,South,Office Supplies,Stapler,CUST0090,5,0.1,40.5,29.44,11.06
ORD000635,2025-12-14,South,Furniture,Office Chair,CUST0092,7,0.05,1197.0,906.26,290.74
ORD000636,2025-06-14,North,Office Supplies,Notebook,CUST0038,2,0.0,24.0,15.58,8.42
ORD000637,2024-02-08,East,Technology,Keyboard,CUST0152,8,0.0,440.0,294.45,145.55
ORD000638,2024-05-05,East,Technology,Printer,CUST0001,5,0.0,1100.0,644.53,455.47
ORD000639,2025-03-26,South,Technology,Laptop,CUST0147,6,0.1,4860.0,3652.64,1207.36
ORD000640,2024-06-21,West,Accessories,Mouse,CUST0162,3,0.05,85.5,51.74,33.76
ORD000641,2025-10-14,North,Technology,Printer,CUST0021,2,0.05,418.0,281.92,136.08
ORD000642,2024-08-07,West,Furniture,Conference Table,CUST0030,3,0.0,1650.0,931.71,718.29
ORD000643,2025-09-29,South,Office Supplies,Stapler,CUST0004,4,0.05,34.2,23.16,11.04
ORD000644,2024-02-27,South,Office Supplies,Notebook,CUST0099,2,0.15,20.4,10.71,9.69
ORD000645,2025-10-21,South,Office Supplies,Notebook,CUST0093,4,0.15,40.8,30.61,10.19
ORD000646,2025-04-20,West,Accessories,Headset,CUST0110,5,0.05,308.75,231.17,77.58
ORD000647,2025-03-31,North,Technology,Monitor,CUST0164,3,0.15,714.0,375.85,338.15
ORD000648,2024-12-26,South,Furniture,Conference Table,CUST0130,4,0.1,1980.0,1420.85,559.15
ORD000649,2024-01-01,North,Office Supplies,Pen Set,CUST0157,8,0.15,102.0,55.26,46.74
ORD000650,2025-01-21,West,Furniture,Bookshelf,CUST0130,7,0.1,1323.0,1020.12,302.88
ORD000651,2024-12-13,East,Accessories,Headset,CUST0099,2,0.1,117.0,72.0,45.0
ORD000652,2024-07-08,South,Furniture,Desk,CUST0126,5,0.0,1600.0,1000.62,599.38
ORD000653,2025-05-19,West,Technology,Printer,CUST0035,1,0.05,209.0,149.5,59.5
ORD000654,2024-07-09,East,Accessories,Mouse,CUST0144,4,0.05,114.0,69.34,44.66
ORD000655,2025-05-22,West,Furniture,Conference Table,CUST0042,2,0.05,1045.0,763.16,281.84
ORD000656,2025-01-03,West,Office Supplies,Notebook,CUST0006,3,0.1,32.4,19.15,13.25
ORD000657,2025-02-12,West,Office Supplies,Paper,CUST0152,6,0.05,45.6,29.65,15.95
ORD000658,2024-04-26,North,Technology,Keyboard,CUST0078,2,0.0,110.0,62.27,47.73
ORD000659,2024-05-13,South,Furniture,Conference Table,CUST0179,8,0.0,4400.0,3367.45,1032.55
ORD000660,2024-02-27,West,Accessories,USB Hub,CUST0056,7,0.0,196.0,137.85,58.15
ORD000661,2025-07-09,West,Office Supplies,Paper,CUST0001,6,0.05,45.6,33.9,11.7
ORD000662,2025-11-15,North,Furniture,Desk,CUST0117,7,0.0,2240.0,1651.94,588.06
ORD000663,2025-11-02,East,Office Supplies,Paper,CUST0176,1,0.05,7.6,4.89,2.71
ORD000664,2024-06-21,West,Accessories,USB Hub,CUST0112,7,0.0,196.0,144.67,51.33
ORD000665,2024-05-28,North,Office Supplies,Paper,CUST0050,4,0.1,28.8,15.82,12.98
ORD000666,2024-03-20,North,Furniture,Desk,CUST0008,6,0.05,1824.0,1357.51,466.49
ORD000667,2024-07-31,West,Office Supplies,Stapler,CUST0160,1,0.0,9.0,6.97,2.03
ORD000668,2024-07-21,East,Accessories,USB Hub,CUST0078,1,0.0,28.0,16.42,11.58
ORD000669,2024-08-16,North,Furniture,Desk,CUST0153,7,0.15,1904.0,1240.33,663.67
ORD000670,2025-11-06,South,Technology,Printer,CUST0056,2,0.0,440.0,304.66,135.34
ORD000671,2024-08-14,South,Office Supplies,Pen Set,CUST0050,5,0.15,63.75,47.99,15.76
ORD000672,2025-10-20,North,Office Supplies,Notebook,CUST0085,8,0.05,91.2,65.26,25.94
ORD000673,2025-06-15,East,Office Supplies,Stapler,CUST0016,7,0.15,53.55,31.46,22.09
ORD000674,2025-03-16,North,Furniture,Office Chair,CUST0107,5,0.15,765.0,418.77,346.23
ORD000675,2025-02-05,South,Accessories,USB Hub,CUST0110,2,0.0,56.0,30.87,25.13
ORD000676,2024-02-16,West,Accessories,Webcam,CUST0125,1,0.1,76.5,45.9,30.6
ORD000677,2024-08-20,West,Furniture,Bookshelf,CUST0070,1,0.1,189.0,103.72,85.28
ORD000678,2024-10-31,North,Technology,Monitor,CUST0018,2,0.05,532.0,363.04,168.96
ORD000679,2025-06-09,South,Furniture,Office Chair,CUST0146,7,0.15,1071.0,801.26,269.74
ORD000680,2024-05-22,North,Accessories,Webcam,CUST0146,2,0.05,161.5,125.5,36.0
ORD000681,2025-02-18,South,Accessories,USB Hub,CUST0052,2,0.1,50.4,39.21,11.19
ORD000682,2025-05-27,East,Accessories,Mouse,CUST0042,6,0.15,153.0,92.52,60.48
ORD000683,2025-01-07,North,Technology,Keyboard,CUST0065,4,0.15,187.0,97.27,89.73
ORD000684,2025-07-19,North,Accessories,Mouse,CUST0060,7,0.0,210.0,132.58,77.42
ORD000685,2024-09-15,South,Furniture,Desk,CUST0169,3,0.15,816.0,528.91,287.09
ORD000686,2025-10-17,West,Office Supplies,Notebook,CUST0038,8,0.1,86.4,67.25,19.15
ORD000687,2025-04-15,West,Furniture,Office Chair,CUST0147,8,0.0,1440.0,986.51,453.49
ORD000688,2024-01-12,West,Furniture,Desk,CUST0165,5,0.0,1600.0,1191.7,408.3
ORD000689,2024-11-25,North,Technology,Laptop,CUST0054,5,0.0,4500.0,2854.88,1645.12
ORD000690,2024-12-23,North,Technology,Printer,CUST0121,4,0.15,748.0,565.78,182.22
ORD000691,2025-02-11,North,Accessories,Webcam,CUST0078,7,0.1,535.5,400.76,134.74
ORD000692,2025-10-29,East,Furniture,Conference Table,CUST0140,2,0.0,1100.0,699.9,400.1
ORD000693,2025-01-07,South,Office Supplies,Pen Set,CUST0146,1,0.0,15.0,9.93,5.07
ORD000694,2024-01-08,North,Technology,Laptop,CUST0027,2,0.0,1800.0,1058.11,741.89
ORD000695,2024-05-01,East,Furniture,Bookshelf,CUST0061,7,0.05,1396.5,1070.31,326.19
ORD000696,2024-12-13,North,Furniture,Desk,CUST0157,7,0.1,2016.0,1298.73,717.27
ORD000697,2025-11-06,East,Furniture,Bookshelf,CUST0151,5,0.0,1050.0,802.09,247.91
ORD000698,2024-03-30,East,Office Supplies,Stapler,CUST0061,2,0.15,15.3,11.22,4.08
ORD000699,2025-10-09,West,Furniture,Conference Table,CUST0149,2,0.0,1100.0,742.59,357.41
ORD000700,2025-11-28,South,Furniture,Office Chair,CUST0056,3,0.0,540.0,322.91,217.09
ORD000701,2024-11-11,South,Office Supplies,Pen Set,CUST0130,3,0.1,40.5,23.09,17.41
ORD000702,2024-06-26,West,Furniture,Desk,CUST0074,7,0.0,2240.0,1404.96,835.04
ORD000703,2025-06-23,North,Office Supplies,Pen Set,CUST0110,6,0.0,90.0,59.56,30.44
ORD000704,2024-02-10,North,Furniture,Office Chair,CUST0062,1,0.0,180.0,116.24,63.76
ORD000705,2025-12-04,West,Accessories,USB Hub,CUST0085,5,0.1,126.0,84.57,41.43
ORD000706,2025-05-16,South,Office Supplies,Paper,CUST0101,2,0.1,14.4,8.22,6.18
ORD000707,2024-05-24,South,Office Supplies,Notebook,CUST0148,1,0.0,12.0,6.25,5.75
ORD000708,2024-07-19,West,Office Supplies,Paper,CUST0019,1,0.05,7.6,4.94,2.66
ORD000709,2025-12-24,South,Technology,Monitor,CUST0131,2,0.05,532.0,362.98,169.02
ORD000710,2025-04-05,East,Furniture,Desk,CUST0063,4,0.1,1152.0,842.19,309.81
ORD000711,2025-07-11,West,Office Supplies,Notebook,CUST0118,3,0.2,28.8,20.9,7.9
ORD000712,2025-06-30,East,Office Supplies,Stapler,CUST0049,8,0.15,61.2,38.11,23.09
ORD000713,2024-09-09,East,Technology,Monitor,CUST0134,2,0.1,504.0,322.91,181.09
ORD000714,2025-01-24,East,Office Supplies,Pen Set,CUST0161,6,0.1,81.0,46.42,34.58
ORD000715,2025-08-16,South,Office Supplies,Notebook,CUST0002,3,0.2,28.8,20.33,8.47
ORD000716,2024-09-12,South,Furniture,Desk,CUST0126,2,0.1,576.0,405.44,170.56
ORD000717,2025-12-09,East,Furniture,Desk,CUST0087,8,0.0,2560.0,1357.33,1202.67
ORD000718,2025-03-25,South,Technology,Keyboard,CUST0046,8,0.1,396.0,221.69,174.31
ORD000719,2024-01-10,East,Office Supplies,Pen Set,CUST0162,8,0.2,96.0,64.24,31.76
ORD000720,2024-08-29,North,Accessories,Headset,CUST0180,8,0.0,520.0,285.02,234.98
ORD000721,2024-09-07,South,Accessories,Headset,CUST0006,8,0.05,494.0,366.64,127.36
ORD000722,2024-01-05,North,Technology,Laptop,CUST0143,8,0.05,6840.0,4766.8,2073.2
ORD000723,2024-04-28,West,Furniture,Desk,CUST0093,5,0.1,1440.0,986.67,453.33
ORD000724,2025-01-08,North,Furniture,Desk,CUST0106,5,0.15,1360.0,956.25,403.75
ORD000725,2024-03-05,South,Office Supplies,Paper,CUST0108,7,0.1,50.4,38.4,12.0
ORD000726,2024-05-25,North,Technology,Monitor,CUST0115,2,0.0,560.0,406.5,153.5
ORD000727,2024-08-11,East,Furniture,Bookshelf,CUST0121,5,0.1,945.0,666.28,278.72
ORD000728,2024-08-26,North,Accessories,Mouse,CUST0136,4,0.1,108.0,72.78,35.22
ORD000729,2024-06-25,East,Furniture,Bookshelf,CUST0139,7,0.0,1470.0,920.3,549.7
ORD000730,2024-10-08,North,Technology,Printer,CUST0106,4,0.05,836.0,603.05,232.95
ORD000731,2024-03-03,West,Furniture,Desk,CUST0050,2,0.05,608.0,404.4,203.6
ORD000732,2024-08-04,West,Technology,Printer,CUST0038,7,0.05,1463.0,1036.42,426.58
ORD000733,2025-11-19,South,Technology,Printer,CUST0145,2,0.15,374.0,195.65,178.35
ORD000734,2025-04-05,South,Office Supplies,Stapler,CUST0070,2,0.1,16.2,9.84,6.36
ORD000735,2025-09-01,South,Office Supplies,Stapler,CUST0057,1,0.05,8.55,4.61,3.94
ORD000736,2024-04-14,North,Furniture,Conference Table,CUST0170,3,0.05,1567.5,1152.54,414.96
ORD000737,2024-04-08,South,Technology,Monitor,CUST0126,7,0.0,1960.0,1046.08,913.92
ORD000738,2025-05-25,North,Furniture,Bookshelf,CUST0175,8,0.15,1428.0,835.71,592.29
ORD000739,2025-01-19,East,Furniture,Desk,CUST0110,3,0.1,864.0,577.53,286.47
ORD000740,2025-02-08,North,Furniture,Conference Table,CUST0177,4,0.0,2200.0,1375.23,824.77
ORD000741,2025-06-01,East,Accessories,Headset,CUST0068,1,0.1,58.5,41.08,17.42
ORD000742,2025-04-20,South,Accessories,Headset,CUST0065,3,0.0,195.0,114.85,80.15
ORD000743,2025-12-09,North,Technology,Monitor,CUST0154,8,0.0,2240.0,1483.56,756.44
ORD000744,2025-10-06,South,Office Supplies,Notebook,CUST0076,3,0.15,30.6,20.36,10.24
ORD000745,2025-03-12,West,Accessories,USB Hub,CUST0127,5,0.15,119.0,83.38,35.62
ORD000746,2024-01-23,West,Office Supplies,Stapler,CUST0073,4,0.0,36.0,24.16,11.84
ORD000747,2025-07-18,East,Furniture,Office Chair,CUST0110,3,0.15,459.0,313.09,145.91
ORD000748,2025-11-07,South,Furniture,Desk,CUST0143,7,0.1,2016.0,1402.86,613.14
ORD000749,2025-12-14,South,Technology,Laptop,CUST0165,4,0.0,3600.0,2449.16,1150.84
ORD000750,2025-04-02,South,Accessories,Mouse,CUST0151,5,0.05,142.5,105.49,37.01
ORD000751,2024-03-23,West,Accessories,Headset,CUST0106,4,0.15,221.0,161.38,59.62
ORD000752,2024-05-24,South,Technology,Printer,CUST0012,8,0.15,1496.0,811.65,684.35
ORD000753,2024-03-25,South,Furniture,Conference Table,CUST0077,8,0.0,4400.0,3405.65,994.35
ORD000754,2024-03-18,East,Furniture,Office Chair,CUST0033,6,0.0,1080.0,681.96,398.04
ORD000755,2025-04-01,West,Technology,Laptop,CUST0143,8,0.2,5760.0,3043.8,2716.2
ORD000756,2024-01-01,South,Office Supplies,Notebook,CUST0004,6,0.05,68.4,40.98,27.42
ORD000757,2024-02-20,East,Accessories,USB Hub,CUST0101,1,0.05,26.6,15.49,11.11
ORD000758,2025-11-15,West,Furniture,Office Chair,CUST0105,3,0.15,459.0,264.79,194.21
ORD000759,2025-12-17,East,Office Supplies,Notebook,CUST0080,5,0.0,60.0,35.75,24.25
ORD000760,2025-03-21,South,Technology,Laptop,CUST0112,1,0.0,900.0,551.02,348.98
ORD000761,2025-03-24,East,Accessories,USB Hub,CUST0038,2,0.1,50.4,26.43,23.97
ORD000762,2025-05-02,East,Office Supplies,Pen Set,CUST0049,1,0.1,13.5,7.92,5.58
ORD000763,2024-02-03,West,Office Supplies,Paper,CUST0051,7,0.05,53.2,41.21,11.99
ORD000764,2024-12-13,West,Furniture,Bookshelf,CUST0143,4,0.05,798.0,526.2,271.8
ORD000765,2024-04-04,South,Furniture,Conference Table,CUST0113,4,0.05,2090.0,1498.11,591.89
ORD000766,2024-03-12,West,Technology,Laptop,CUST0056,4,0.0,3600.0,2386.54,1213.46
ORD000767,2025-07-04,North,Office Supplies,Pen Set,CUST0151,7,0.0,105.0,56.3,48.7
ORD000768,2024-06-02,South,Accessories,Mouse,CUST0158,1,0.05,28.5,21.18,7.32
ORD000769,2024-09-06,North,Office Supplies,Stapler,CUST0044,4,0.1,32.4,25.05,7.35
ORD000770,2025-11-04,North,Technology,Printer,CUST0010,3,0.15,561.0,341.75,219.25
ORD000771,2025-03-13,North,Furniture,Office Chair,CUST0128,5,0.05,855.0,501.23,353.77
ORD000772,2024-04-27,North,Technology,Printer,CUST0049,1,0.05,209.0,118.69,90.31
ORD000773,2024-11-01,North,Technology,Laptop,CUST0166,6,0.05,5130.0,3475.75,1654.25
ORD000774,2024-09-24,West,Furniture,Bookshelf,CUST0043,1,0.0,210.0,142.48,67.52
ORD000775,2024-02-23,North,Office Supplies,Stapler,CUST0021,7,0.15,53.55,40.29,13.26
ORD000776,2024-08-23,West,Accessories,USB Hub,CUST0025,7,0.0,196.0,129.81,66.19
ORD000777,2025-01-23,South,Accessories,USB Hub,CUST0128,7,0.05,186.2,110.33,75.87
ORD000778,2025-02-04,North,Office Supplies,Notebook,CUST0153,5,0.05,57.0,36.27,20.73
ORD000779,2025-09-15,North,Furniture,Desk,CUST0112,4,0.05,1216.0,659.82,556.18
ORD000780,2024-10-29,North,Accessories,Webcam,CUST0066,1,0.15,72.25,37.69,34.56
ORD000781,2024-07-25,North,Accessories,USB Hub,CUST0073,7,0.1,176.4,134.95,41.45
ORD000782,2024-08-16,East,Technology,Keyboard,CUST0167,6,0.1,297.0,211.05,85.95
ORD000783,2025-07-31,East,Accessories,Headset,CUST0132,1,0.15,55.25,30.12,25.13
ORD000784,2024-03-15,North,Accessories,Mouse,CUST0051,4,0.1,108.0,62.54,45.46
ORD000785,2025-03-10,East,Technology,Laptop,CUST0030,1,0.1,810.0,449.28,360.72
ORD000786,2024-04-12,North,Office Supplies,Paper,CUST0015,1,0.05,7.6,4.81,2.79
ORD000787,2025-02-25,West,Technology,Printer,CUST0148,6,0.1,1188.0,722.16,465.84
ORD000788,2025-12-04,West,Technology,Laptop,CUST0103,2,0.05,1710.0,893.24,816.76
ORD000789,2024-11-01,West,Furniture,Desk,CUST0167,8,0.1,2304.0,1715.31,588.69
ORD000790,2024-04-07,West,Accessories,Headset,CUST0164,6,0.15,331.5,229.26,102.24
ORD000791,2024-11-30,North,Technology,Monitor,CUST0179,1,0.15,238.0,138.86,99.14
ORD000792,2025-03-10,East,Accessories,Mouse,CUST0153,6,0.15,153.0,118.01,34.99
ORD000793,2025-03-22,East,Accessories,Headset,CUST0125,6,0.05,370.5,204.17,166.33
ORD000794,2024-11-03,West,Technology,Printer,CUST0140,1,0.05,209.0,125.83,83.17
ORD000795,2024-09-05,North,Accessories,USB Hub,CUST0074,6,0.1,151.2,98.83,52.37
ORD000796,2024-06-14,West,Furniture,Conference Table,CUST0119,4,0.05,2090.0,1088.27,1001.73
ORD000797,2025-04-25,East,Technology,Monitor,CUST0015,2,0.05,532.0,331.33,200.67
ORD000798,2024-11-30,South,Technology,Monitor,CUST0074,8,0.0,2240.0,1242.71,997.29
ORD000799,2025-06-25,North,Technology,Laptop,CUST0066,8,0.0,7200.0,4219.46,2980.54
ORD000800,2024-04-15,East,Technology,Keyboard,CUST0137,4,0.0,220.0,137.92,82.08
ORD000801,2025-07-16,North,Technology,Keyboard,CUST0003,6,0.2,264.0,202.81,61.19
ORD000802,2024-03-21,North,Furniture,Office Chair,CUST0040,6,0.05,1026.0,604.96,421.04
ORD000803,2024-05-12,West,Technology,Monitor,CUST0099,3,0.1,756.0,429.06,326.94
ORD000804,2024-05-17,North,Office Supplies,Stapler,CUST0022,4,0.0,36.0,20.37,15.63
ORD000805,2024-07-02,West,Furniture,Bookshelf,CUST0084,4,0.05,798.0,565.8,232.2
ORD000806,2025-02-04,North,Accessories,Mouse,CUST0097,5,0.1,135.0,88.85,46.15
ORD000807,2024-11-25,East,Furniture,Desk,CUST0011,5,0.0,1600.0,940.45,659.55
ORD000808,2025-05-22,East,Office Supplies,Notebook,CUST0031,2,0.1,21.6,13.73,7.87
ORD000809,2024-03-09,South,Technology,Keyboard,CUST0178,6,0.0,330.0,214.85,115.15
ORD000810,2025-06-29,North,Furniture,Conference Table,CUST0151,1,0.05,522.5,293.92,228.58
ORD000811,2024-02-22,South,Technology,Monitor,CUST0113,8,0.1,2016.0,1108.06,907.94
ORD000812,2025-03-25,West,Accessories,Mouse,CUST0018,1,0.05,28.5,18.74,9.76
ORD000813,2024-07-23,West,Office Supplies,Notebook,CUST0170,3,0.05,34.2,22.63,11.57
ORD000814,2024-05-05,West,Furniture,Conference Table,CUST0098,1,0.0,550.0,369.66,180.34
ORD000815,2024-02-12,East,Accessories,Headset,CUST0045,8,0.0,520.0,358.22,161.78
ORD000816,2024-04-20,North,Office Supplies,Notebook,CUST0007,2,0.1,21.6,12.47,9.13
ORD000817,2025-10-24,North,Technology,Laptop,CUST0143,5,0.15,3825.0,2596.02,1228.98
ORD000818,2024-07-01,North,Furniture,Conference Table,CUST0179,1,0.15,467.5,347.42,120.08
ORD000819,2024-04-04,North,Furniture,Desk,CUST0102,8,0.1,2304.0,1589.98,714.02
ORD000820,2025-01-08,North,Office Supplies,Paper,CUST0091,7,0.2,44.8,34.66,10.14
ORD000821,2025-06-03,East,Technology,Keyboard,CUST0156,1,0.1,49.5,32.68,16.82
ORD000822,2024-12-25,West,Accessories,Mouse,CUST0126,4,0.0,120.0,73.7,46.3
ORD000823,2025-11-26,West,Office Supplies,Pen Set,CUST0159,1,0.05,14.25,9.15,5.1
ORD000824,2024-10-07,South,Office Supplies,Pen Set,CUST0177,5,0.0,75.0,57.97,17.03
ORD000825,2024-07-13,South,Accessories,Mouse,CUST0026,5,0.1,135.0,94.75,40.25
ORD000826,2024-07-13,East,Furniture,Desk,CUST0180,8,0.0,2560.0,1729.02,830.98
ORD000827,2025-10-28,South,Office Supplies,Notebook,CUST0155,7,0.05,79.8,59.53,20.27
ORD000828,2024-04-02,East,Accessories,Headset,CUST0008,6,0.15,331.5,247.98,83.52
ORD000829,2025-11-02,North,Furniture,Bookshelf,CUST0085,5,0.05,997.5,682.36,315.14
ORD000830,2024-03-01,East,Office Supplies,Pen Set,CUST0009,6,0.05,85.5,52.07,33.43
ORD000831,2025-09-25,West,Technology,Monitor,CUST0118,6,0.0,1680.0,955.82,724.18
ORD000832,2024-02-20,East,Furniture,Bookshelf,CUST0176,8,0.0,1680.0,1103.11,576.89
ORD000833,2025-02-06,West,Office Supplies,Stapler,CUST0090,1,0.05,8.55,5.77,2.78
ORD000834,2024-01-05,East,Furniture,Office Chair,CUST0042,4,0.1,648.0,452.7,195.3
ORD000835,2025-04-10,South,Technology,Printer,CUST0117,2,0.0,440.0,306.16,133.84
ORD000836,2025-08-26,East,Office Supplies,Paper,CUST0006,4,0.05,30.4,18.41,11.99
ORD000837,2025-11-12,West,Office Supplies,Stapler,CUST0150,2,0.1,16.2,11.94,4.26
ORD000838,2025-06-17,West,Office Supplies,Paper,CUST0129,4,0.1,28.8,17.33,11.47
ORD000839,2025-02-08,East,Technology,Laptop,CUST0045,7,0.1,5670.0,4090.27,1579.73
ORD000840,2025-05-27,North,Accessories,Mouse,CUST0016,2,0.1,54.0,35.11,18.89
ORD000841,2025-10-06,North,Office Supplies,Paper,CUST0079,8,0.1,57.6,35.21,22.39
ORD000842,2024-08-20,South,Furniture,Conference Table,CUST0103,3,0.0,1650.0,859.0,791.0
ORD000843,2025-06-07,East,Accessories,Headset,CUST0049,3,0.05,185.25,108.8,76.45
ORD000844,2024-12-11,West,Accessories,Mouse,CUST0132,2,0.15,51.0,28.76,22.24
ORD000845,2024-02-15,West,Office Supplies,Notebook,CUST0035,4,0.1,43.2,27.73,15.47
ORD000846,2025-06-29,South,Furniture,Desk,CUST0065,7,0.0,2240.0,1411.12,828.88
ORD000847,2024-03-18,North,Technology,Keyboard,CUST0100,3,0.1,148.5,109.65,38.85
ORD000848,2025-12-30,North,Technology,Printer,CUST0022,2,0.05,418.0,288.63,129.37
ORD000849,2024-03-13,East,Technology,Printer,CUST0090,7,0.0,1540.0,841.95,698.05
ORD000850,2024-09-05,East,Furniture,Conference Table,CUST0101,3,0.15,1402.5,1090.9,311.6
ORD000851,2024-02-16,East,Technology,Printer,CUST0179,3,0.1,594.0,343.83,250.17
ORD000852,2024-04-30,North,Office Supplies,Paper,CUST0140,3,0.15,20.4,12.64,7.76
ORD000853,2024-08-01,South,Furniture,Desk,CUST0032,3,0.1,864.0,471.37,392.63
ORD000854,2024-08-26,West,Accessories,Mouse,CUST0100,2,0.1,54.0,31.63,22.37
ORD000855,2024-02-25,West,Accessories,Headset,CUST0134,5,0.0,325.0,198.53,126.47
ORD000856,2024-12-15,East,Office Supplies,Notebook,CUST0172,4,0.1,43.2,24.1,19.1
ORD000857,2024-04-16,East,Accessories,Webcam,CUST0102,3,0.15,216.75,122.51,94.24
ORD000858,2024-02-17,West,Technology,Monitor,CUST0119,4,0.15,952.0,742.4,209.6
ORD000859,2025-07-26,North,Office Supplies,Pen Set,CUST0118,8,0.1,108.0,78.49,29.51
ORD000860,2024-12-02,West,Accessories,Mouse,CUST0114,8,0.1,216.0,141.62,74.38
ORD000861,2024-01-26,North,Technology,Keyboard,CUST0062,5,0.0,275.0,167.47,107.53
ORD000862,2024-09-13,South,Furniture,Conference Table,CUST0137,5,0.15,2337.5,1299.21,1038.29
ORD000863,2024-01-08,North,Technology,Monitor,CUST0096,8,0.1,2016.0,1460.57,555.43
ORD000864,2025-09-16,South,Furniture,Desk,CUST0171,2,0.1,576.0,409.13,166.87
ORD000865,2024-09-09,East,Furniture,Desk,CUST0067,7,0.0,2240.0,1503.9,736.1
ORD000866,2025-11-22,East,Accessories,Headset,CUST0049,8,0.05,494.0,359.17,134.83
ORD000867,2025-12-19,East,Accessories,Mouse,CUST0085,3,0.1,81.0,50.91,30.09
ORD000868,2024-10-29,North,Office Supplies,Pen Set,CUST0125,6,0.05,85.5,54.46,31.04
ORD000869,2025-09-30,West,Furniture,Conference Table,CUST0025,7,0.2,3080.0,2283.55,796.45
ORD000870,2024-02-25,West,Office Supplies,Paper,CUST0026,8,0.1,57.6,44.11,13.49
ORD000871,2025-12-26,East,Furniture,Bookshelf,CUST0033,2,0.1,378.0,269.92,108.08
ORD000872,2025-06-09,North,Furniture,Bookshelf,CUST0012,8,0.15,1428.0,961.03,466.97
ORD000873,2025-04-18,East,Furniture,Desk,CUST0013,5,0.1,1440.0,972.55,467.45
ORD000874,2024-01-28,South,Technology,Keyboard,CUST0026,3,0.1,148.5,79.37,69.13
ORD000875,2024-03-18,South,Furniture,Bookshelf,CUST0113,8,0.05,1596.0,1064.73,531.27
ORD000876,2024-08-03,South,Accessories,Headset,CUST0074,8,0.1,468.0,330.88,137.12
ORD000877,2025-01-20,North,Technology,Monitor,CUST0026,6,0.15,1428.0,914.54,513.46
ORD000878,2024-12-30,East,Office Supplies,Paper,CUST0178,3,0.0,24.0,14.83,9.17
ORD000879,2025-10-27,South,Accessories,Mouse,CUST0052,5,0.05,142.5,75.98,66.52
ORD000880,2025-06-09,West,Furniture,Office Chair,CUST0120,2,0.05,342.0,223.84,118.16
ORD000881,2025-11-29,South,Accessories,Webcam,CUST0073,1,0.1,76.5,48.33,28.17
ORD000882,2024-11-07,West,Technology,Laptop,CUST0091,1,0.1,810.0,584.8,225.2
ORD000883,2024-01-07,West,Technology,Laptop,CUST0176,5,0.1,4050.0,2131.98,1918.02
ORD000884,2024-01-03,West,Technology,Monitor,CUST0143,7,0.15,1666.0,1232.62,433.38
ORD000885,2025-09-14,West,Furniture,Desk,CUST0064,8,0.15,2176.0,1677.82,498.18
ORD000886,2024-12-28,North,Furniture,Conference Table,CUST0029,6,0.15,2805.0,1756.11,1048.89
ORD000887,2025-05-22,West,Technology,Monitor,CUST0090,8,0.0,2240.0,1527.37,712.63
ORD000888,2024-09-30,West,Accessories,Headset,CUST0123,1,0.0,65.0,48.07,16.93
ORD000889,2025-05-20,North,Furniture,Conference Table,CUST0168,4,0.15,1870.0,1413.75,456.25
ORD000890,2024-01-15,West,Furniture,Bookshelf,CUST0158,4,0.0,840.0,555.18,284.82
ORD000891,2024-07-10,West,Technology,Laptop,CUST0159,3,0.1,2430.0,1501.79,928.21
ORD000892,2025-09-22,South,Office Supplies,Stapler,CUST0087,3,0.2,21.6,11.48,10.12
ORD000893,2025-04-29,East,Technology,Printer,CUST0058,3,0.0,660.0,446.05,213.95
ORD000894,2024-01-28,West,Technology,Laptop,CUST0025,4,0.05,3420.0,1842.61,1577.39
ORD000895,2025-12-14,North,Furniture,Conference Table,CUST0051,1,0.0,550.0,378.7,171.3
ORD000896,2024-02-08,East,Accessories,Webcam,CUST0094,1,0.0,85.0,58.41,26.59
ORD000897,2024-09-29,North,Technology,Monitor,CUST0053,1,0.15,238.0,174.37,63.63
ORD000898,2024-08-18,South,Accessories,Mouse,CUST0016,6,0.15,153.0,100.28,52.72
ORD000899,2024-03-26,South,Technology,Printer,CUST0112,2,0.15,374.0,204.13,169.87
ORD000900,2025-04-18,North,Accessories,Mouse,CUST0015,7,0.0,210.0,143.22,66.78
ORD000901,2024-05-05,South,Technology,Keyboard,CUST0049,8,0.1,396.0,295.87,100.13
ORD000902,2025-06-20,East,Furniture,Conference Table,CUST0029,4,0.05,2090.0,1332.03,757.97
ORD000903,2024-05-24,East,Office Supplies,Stapler,CUST0057,1,0.15,7.65,5.84,1.81
ORD000904,2025-06-08,East,Furniture,Desk,CUST0077,4,0.1,1152.0,837.72,314.28
ORD000905,2024-07-30,West,Accessories,Headset,CUST0160,7,0.1,409.5,275.53,133.97
ORD000906,2024-01-25,West,Furniture,Office Chair,CUST0084,6,0.1,972.0,628.38,343.62
ORD000907,2025-08-02,North,Office Supplies,Stapler,CUST0127,5,0.0,45.0,32.51,12.49
ORD000908,2025-01-28,South,Technology,Keyboard,CUST0035,2,0.05,104.5,56.57,47.93
ORD000909,2024-03-07,South,Furniture,Desk,CUST0027,8,0.05,2432.0,1418.59,1013.41
ORD000910,2024-08-20,North,Office Supplies,Stapler,CUST0103,5,0.0,45.0,28.3,16.7
ORD000911,2024-04-18,West,Furniture,Office Chair,CUST0026,5,0.1,810.0,432.21,377.79
ORD000912,2024-05-25,West,Accessories,Headset,CUST0059,6,0.15,331.5,209.35,122.15
ORD000913,2024-04-20,North,Accessories,Headset,CUST0024,6,0.05,370.5,200.55,169.95
ORD000914,2024-08-15,West,Accessories,Headset,CUST0146,3,0.15,165.75,109.67,56.08
ORD000915,2024-04-20,East,Accessories,Mouse,CUST0086,8,0.0,240.0,170.27,69.73
ORD000916,2025-04-14,North,Technology,Laptop,CUST0100,3,0.2,2160.0,1573.76,586.24
ORD000917,2024-02-03,North,Office Supplies,Paper,CUST0029,7,0.1,50.4,28.84,21.56
ORD000918,2025-09-14,South,Office Supplies,Stapler,CUST0050,4,0.0,36.0,22.56,13.44
ORD000919,2025-01-03,West,Technology,Keyboard,CUST0136,3,0.05,156.75,121.49,35.26
ORD000920,2025-08-17,West,Accessories,Mouse,CUST0137,6,0.1,162.0,104.77,57.23
ORD000921,2025-07-07,East,Accessories,Webcam,CUST0156,3,0.0,255.0,136.77,118.23
ORD000922,2025-02-28,West,Office Supplies,Notebook,CUST0149,3,0.2,28.8,19.96,8.84
ORD000923,2025-09-04,North,Technology,Printer,CUST0078,7,0.05,1463.0,857.63,605.37
ORD000924,2025-06-01,West,Furniture,Office Chair,CUST0081,5,0.1,810.0,484.93,325.07
ORD000925,2025-11-22,West,Accessories,Headset,CUST0066,6,0.1,351.0,198.11,152.89
ORD000926,2024-10-08,South,Furniture,Bookshelf,CUST0172,8,0.0,1680.0,1297.35,382.65
ORD000927,2024-11-15,West,Technology,Printer,CUST0088,3,0.0,660.0,387.27,272.73
ORD000928,2025-03-18,North,Office Supplies,Pen Set,CUST0024,8,0.15,102.0,71.39,30.61
ORD000929,2024-11-10,North,Technology,Printer,CUST0151,3,0.0,660.0,463.88,196.12
ORD000930,2025-01-11,East,Accessories,Webcam,CUST0123,3,0.1,229.5,174.63,54.87
ORD000931,2024-10-15,West,Furniture,Desk,CUST0132,8,0.05,2432.0,1342.62,1089.38
ORD000932,2025-03-12,North,Furniture,Office Chair,CUST0175,2,0.0,360.0,221.51,138.49
ORD000933,2025-10-23,West,Technology,Laptop,CUST0103,7,0.05,5985.0,4371.66,1613.34
ORD000934,2024-10-03,North,Technology,Monitor,CUST0112,6,0.2,1344.0,971.68,372.32
ORD000935,2025-12-10,West,Furniture,Desk,CUST0148,3,0.1,864.0,535.49,328.51
ORD000936,2025-08-04,East,Technology,Printer,CUST0110,3,0.05,627.0,434.58,192.42
ORD000937,2025-05-17,West,Technology,Keyboard,CUST0173,8,0.05,418.0,235.75,182.25
ORD000938,2025-09-15,North,Office Supplies,Pen Set,CUST0080,1,0.05,14.25,8.05,6.2
ORD000939,2025-05-30,South,Furniture,Desk,CUST0123,3,0.0,960.0,728.23,231.77
ORD000940,2024-12-15,West,Accessories,Mouse,CUST0105,3,0.15,76.5,42.9,33.6
ORD000941,2025-03-21,South,Furniture,Conference Table,CUST0123,6,0.15,2805.0,1707.25,1097.75
ORD000942,2024-12-15,East,Furniture,Office Chair,CUST0101,5,0.1,810.0,545.64,264.36
ORD000943,2025-08-29,West,Office Supplies,Notebook,CUST0155,4,0.1,43.2,31.49,11.71
ORD000944,2025-10-25,North,Technology,Printer,CUST0008,8,0.0,1760.0,962.1,797.9
ORD000945,2024-05-16,South,Accessories,Headset,CUST0054,7,0.05,432.25,331.73,100.52
ORD000946,2024-08-30,South,Accessories,Mouse,CUST0046,6,0.0,180.0,127.51,52.49
ORD000947,2025-06-26,South,Technology,Printer,CUST0136,3,0.1,594.0,334.15,259.85
ORD000948,2024-02-09,North,Furniture,Bookshelf,CUST0017,2,0.1,378.0,276.05,101.95
ORD000949,2024-08-16,East,Accessories,Headset,CUST0113,8,0.05,494.0,300.83,193.17
ORD000950,2025-07-01,South,Office Supplies,Notebook,CUST0121,5,0.0,60.0,40.84,19.16
ORD000951,2024-08-10,South,Furniture,Conference Table,CUST0139,6,0.05,3135.0,2175.23,959.77
ORD000952,2024-01-06,North,Furniture,Office Chair,CUST0039,1,0.1,162.0,106.9,55.1
ORD000953,2024-11-17,West,Furniture,Desk,CUST0030,8,0.05,2432.0,1746.75,685.25
ORD000954,2025-04-12,East,Office Supplies,Paper,CUST0052,7,0.1,50.4,36.77,13.63
ORD000955,2024-03-15,South,Technology,Monitor,CUST0103,8,0.1,2016.0,1420.34,595.66
ORD000956,2024-01-04,North,Furniture,Conference Table,CUST0098,7,0.15,3272.5,2525.68,746.82
ORD000957,2025-10-07,North,Accessories,Webcam,CUST0141,1,0.05,80.75,47.03,33.72
ORD000958,2024-04-27,East,Office Supplies,Stapler,CUST0033,3,0.1,24.3,15.82,8.48
ORD000959,2025-08-28,East,Accessories,USB Hub,CUST0091,7,0.15,166.6,126.15,40.45
ORD000960,2025-05-18,West,Furniture,Bookshelf,CUST0054,7,0.15,1249.5,667.18,582.32
ORD000961,2025-07-27,East,Office Supplies,Pen Set,CUST0166,3,0.0,45.0,28.78,16.22
ORD000962,2025-03-16,West,Furniture,Desk,CUST0136,5,0.15,1360.0,858.11,501.89
ORD000963,2024-07-12,East,Furniture,Bookshelf,CUST0126,1,0.2,168.0,99.5,68.5
ORD000964,2025-12-15,South,Accessories,USB Hub,CUST0114,2,0.05,53.2,35.25,17.95
ORD000965,2025-01-26,East,Accessories,Mouse,CUST0093,8,0.05,228.0,137.21,90.79
ORD000966,2024-01-26,North,Accessories,Headset,CUST0073,4,0.15,221.0,137.68,83.32
ORD000967,2025-03-10,South,Furniture,Conference Table,CUST0006,1,0.1,495.0,360.02,134.98
ORD000968,2024-06-21,North,Accessories,Webcam,CUST0062,2,0.05,161.5,102.29,59.21
ORD000969,2024-10-26,West,Office Supplies,Pen Set,CUST0159,8,0.05,114.0,64.64,49.36
ORD000970,2025-10-06,South,Accessories,USB Hub,CUST0133,5,0.1,126.0,83.94,42.06
ORD000971,2024-11-21,North,Furniture,Desk,CUST0008,8,0.1,2304.0,1625.59,678.41
ORD000972,2025-02-13,North,Office Supplies,Paper,CUST0104,5,0.1,36.0,27.79,8.21
ORD000973,2024-04-27,East,Furniture,Bookshelf,CUST0062,2,0.0,420.0,228.74,191.26
ORD000974,2025-12-24,North,Furniture,Conference Table,CUST0162,1,0.1,495.0,287.05,207.95
ORD000975,2024-08-12,East,Accessories,USB Hub,CUST0146,1,0.15,23.8,15.39,8.41
ORD000976,2025-06-15,North,Accessories,Webcam,CUST0160,3,0.15,216.75,153.64,63.11
ORD000977,2024-04-22,West,Accessories,Headset,CUST0101,1,0.1,58.5,44.48,14.02
ORD000978,2024-05-19,East,Office Supplies,Pen Set,CUST0064,5,0.1,67.5,46.15,21.35
ORD000979,2025-07-12,North,Technology,Monitor,CUST0039,8,0.2,1792.0,1110.57,681.43
ORD000980,2024-01-01,East,Technology,Laptop,CUST0049,2,0.1,1620.0,942.73,677.27
ORD000981,2024-03-30,West,Accessories,Mouse,CUST0093,7,0.0,210.0,121.31,88.69
ORD000982,2025-10-15,West,Technology,Laptop,CUST0141,8,0.0,7200.0,3902.68,3297.32
ORD000983,2024-11-15,West,Accessories,Headset,CUST0075,8,0.1,468.0,346.24,121.76
ORD000984,2025-07-03,East,Furniture,Conference Table,CUST0075,7,0.1,3465.0,2685.37,779.63
ORD000985,2024-05-18,North,Office Supplies,Pen Set,CUST0037,2,0.2,24.0,16.7,7.3
ORD000986,2025-05-25,West,Accessories,USB Hub,CUST0041,7,0.05,186.2,137.57,48.63
ORD000987,2024-09-15,South,Accessories,USB Hub,CUST0070,2,0.0,56.0,32.77,23.23
ORD000988,2025-11-03,South,Furniture,Bookshelf,CUST0057,3,0.1,567.0,437.92,129.08
ORD000989,2025-11-20,East,Accessories,USB Hub,CUST0115,1,0.0,28.0,18.63,9.37
ORD000990,2024-01-10,South,Technology,Monitor,CUST0052,1,0.05,266.0,171.77,94.23
ORD000991,2024-09-17,East,Technology,Laptop,CUST0164,3,0.1,2430.0,1264.61,1165.39
ORD000992,2025-10-11,East,Accessories,Mouse,CUST0133,5,0.0,150.0,100.5,49.5
ORD000993,2024-06-20,East,Technology,Monitor,CUST0154,5,0.1,1260.0,766.96,493.04
ORD000994,2024-01-13,South,Office Supplies,Pen Set,CUST0144,8,0.15,102.0,55.11,46.89
ORD000995,2024-06-16,South,Accessories,USB Hub,CUST0019,4,0.15,95.2,61.96,33.24
ORD000996,2025-10-03,West,Accessories,Webcam,CUST0091,2,0.1,153.0,95.88,57.12
ORD000997,2025-08-18,North,Office Supplies,Notebook,CUST0067,3,0.05,34.2,19.36,14.84
ORD000998,2024-11-16,South,Furniture,Bookshelf,CUST0156,3,0.05,598.5,329.5,269.0
ORD000999,2024-11-14,East,Office Supplies,Paper,CUST0121,1,0.1,7.2,5.51,1.69
ORD001000,2025-09-04,North,Furniture,Desk,CUST0119,6,0.15,1632.0,1180.43,451.57
ORD001001,2024-11-24,East,Accessories,Headset,CUST0022,5,0.0,325.0,177.61,147.39
ORD001002,2025-07-03,South,Office Supplies,Notebook,CUST0102,2,0.0,24.0,14.39,9.61
ORD001003,2025-02-22,West,Furniture,Desk,CUST0166,1,0.15,272.0,153.58,118.42
ORD001004,2025-08-28,West,Office Supplies,Stapler,CUST0033,7,0.05,59.85,33.28,26.57
ORD001005,2024-04-04,East,Accessories,Mouse,CUST0010,8,0.05,228.0,154.7,73.3
ORD001006,2025-08-03,North,Furniture,Desk,CUST0063,3,0.05,912.0,686.4,225.6
ORD001007,2024-11-13,West,Furniture,Office Chair,CUST0071,2,0.0,360.0,270.71,89.29
ORD001008,2024-08-23,South,Technology,Monitor,CUST0043,8,0.05,2128.0,1430.54,697.46
ORD001009,2024-11-29,North,Technology,Monitor,CUST0001,5,0.05,1330.0,889.5,440.5
ORD001010,2025-01-10,West,Accessories,Mouse,CUST0140,7,0.05,199.5,107.52,91.98
ORD001011,2025-04-03,West,Office Supplies,Stapler,CUST0024,6,0.05,51.3,37.45,13.85
ORD001012,2024-05-16,West,Accessories,Webcam,CUST0080,8,0.1,612.0,457.39,154.61
ORD001013,2025-08-10,North,Technology,Laptop,CUST0081,3,0.0,2700.0,1766.94,933.06
ORD001014,2025-06-30,South,Technology,Keyboard,CUST0142,5,0.1,247.5,133.38,114.12
ORD001015,2025-05-27,West,Furniture,Desk,CUST0129,8,0.05,2432.0,1719.64,712.36
ORD001016,2024-10-22,South,Furniture,Desk,CUST0052,1,0.1,288.0,205.58,82.42
ORD001017,2024-11-15,South,Technology,Monitor,CUST0100,1,0.1,252.0,148.54,103.46
ORD001018,2025-07-25,North,Technology,Laptop,CUST0106,1,0.05,855.0,493.12,361.88
ORD001019,2024-12-14,North,Accessories,Mouse,CUST0016,8,0.05,228.0,132.24,95.76
ORD001020,2024-08-16,West,Office Supplies,Notebook,CUST0062,6,0.05,68.4,46.17,22.23
ORD001021,2024-09-26,West,Technology,Laptop,CUST0107,6,0.05,5130.0,2673.08,2456.92
ORD001022,2024-10-17,North,Accessories,USB Hub,CUST0146,5,0.1,126.0,96.44,29.56
ORD001023,2025-12-25,West,Accessories,USB Hub,CUST0035,1,0.1,25.2,18.28,6.92
ORD001024,2024-06-13,West,Accessories,Mouse,CUST0015,2,0.1,54.0,29.12,24.88
ORD001025,2024-01-05,South,Accessories,Mouse,CUST0056,6,0.1,162.0,108.98,53.02
ORD001026,2025-01-13,North,Technology,Laptop,CUST0060,6,0.1,4860.0,3789.8,1070.2
ORD001027,2024-03-18,North,Technology,Laptop,CUST0062,6,0.0,5400.0,4173.42,1226.58
ORD001028,2025-02-13,East,Accessories,Headset,CUST0048,5,0.15,276.25,167.23,109.02
ORD001029,2025-07-27,East,Furniture,Conference Table,CUST0170,6,0.1,2970.0,2167.39,802.61
ORD001030,2024-05-11,West,Technology,Keyboard,CUST0021,2,0.0,110.0,69.39,40.61
ORD001031,2025-08-23,South,Furniture,Conference Table,CUST0124,4,0.15,1870.0,1428.81,441.19
ORD001032,2024-02-11,East,Accessories,Mouse,CUST0077,5,0.05,142.5,78.73,63.77
ORD001033,2024-03-29,North,Furniture,Conference Table,CUST0107,4,0.2,1760.0,1058.36,701.64
ORD001034,2025-02-05,North,Technology,Monitor,CUST0061,3,0.1,756.0,464.91,291.09
ORD001035,2024-10-22,West,Furniture,Bookshelf,CUST0059,1,0.05,199.5,121.05,78.45
ORD001036,2024-10-21,North,Technology,Monitor,CUST0130,1,0.1,252.0,183.95,68.05
ORD001037,2025-09-07,East,Technology,Printer,CUST0034,2,0.15,374.0,263.5,110.5
ORD001038,2025-06-09,West,Accessories,Headset,CUST0106,2,0.15,110.5,63.13,47.37
ORD001039,2025-11-21,South,Technology,Laptop,CUST0172,8,0.15,6120.0,3799.19,2320.81
ORD001040,2025-09-28,South,Accessories,Headset,CUST0117,3,0.05,185.25,126.15,59.1
ORD001041,2025-02-25,West,Furniture,Conference Table,CUST0158,1,0.1,495.0,353.31,141.69
ORD001042,2024-01-23,West,Accessories,Webcam,CUST0078,7,0.05,565.25,381.96,183.29
ORD001043,2025-07-28,West,Accessories,Webcam,CUST0070,1,0.1,76.5,51.76,24.74
ORD001044,2024-05-22,West,Furniture,Bookshelf,CUST0154,1,0.15,178.5,122.24,56.26
ORD001045,2025-10-26,West,Technology,Laptop,CUST0047,2,0.0,1800.0,1029.9,770.1
ORD001046,2024-05-24,South,Furniture,Desk,CUST0031,1,0.2,256.0,166.6,89.4
ORD001047,2024-08-12,South,Office Supplies,Stapler,CUST0096,3,0.05,25.65,14.62,11.03
ORD001048,2025-05-17,North,Furniture,Desk,CUST0132,1,0.0,320.0,172.65,147.35
ORD001049,2025-09-07,North,Furniture,Desk,CUST0163,6,0.0,1920.0,1177.22,742.78
ORD001050,2024-04-13,East,Furniture,Office Chair,CUST0162,5,0.15,765.0,474.09,290.91
ORD001051,2024-02-08,West,Furniture,Bookshelf,CUST0025,2,0.15,357.0,234.78,122.22
ORD001052,2024-07-16,West,Technology,Keyboard,CUST0086,8,0.1,396.0,232.95,163.05
ORD001053,2025-10-07,West,Technology,Laptop,CUST0165,1,0.05,855.0,537.09,317.91
ORD001054,2025-08-01,North,Technology,Printer,CUST0004,7,0.05,1463.0,1047.97,415.03
ORD001055,2025-01-25,North,Accessories,USB Hub,CUST0180,6,0.15,142.8,76.06,66.74
ORD001056,2024-06-27,East,Office Supplies,Pen Set,CUST0077,5,0.05,71.25,49.08,22.17
ORD001057,2025-07-07,South,Office Supplies,Stapler,CUST0088,5,0.1,40.5,22.73,17.77
ORD001058,2025-03-23,North,Accessories,Mouse,CUST0058,4,0.1,108.0,70.14,37.86
ORD001059,2025-05-14,East,Office Supplies,Stapler,CUST0152,4,0.0,36.0,21.44,14.56
ORD001060,2024-01-15,East,Technology,Laptop,CUST0043,7,0.0,6300.0,4508.97,1791.03
ORD001061,2025-09-14,South,Furniture,Bookshelf,CUST0177,4,0.05,798.0,527.16,270.84
ORD001062,2025-10-30,South,Office Supplies,Paper,CUST0015,6,0.05,45.6,35.02,10.58
ORD001063,2024-10-15,North,Accessories,USB Hub,CUST0015,6,0.15,142.8,105.83,36.97
ORD001064,2025-04-22,East,Technology,Monitor,CUST0075,6,0.05,1596.0,1056.74,539.26
ORD001065,2024-08-18,West,Technology,Monitor,CUST0150,6,0.0,1680.0,1167.25,512.75
ORD001066,2025-02-23,South,Office Supplies,Pen Set,CUST0055,1,0.15,12.75,7.64,5.11
ORD001067,2024-06-05,North,Technology,Printer,CUST0150,8,0.15,1496.0,1089.94,406.06
ORD001068,2025-07-03,West,Office Supplies,Stapler,CUST0010,2,0.05,17.1,10.92,6.18
ORD001069,2025-03-16,North,Furniture,Bookshelf,CUST0071,1,0.0,210.0,154.59,55.41
ORD001070,2024-04-06,South,Office Supplies,Pen Set,CUST0158,3,0.15,38.25,20.9,17.35
ORD001071,2025-02-14,North,Technology,Keyboard,CUST0023,1,0.05,52.25,29.77,22.48
ORD001072,2024-10-15,North,Technology,Printer,CUST0038,4,0.0,880.0,662.19,217.81
ORD001073,2024-09-10,West,Office Supplies,Stapler,CUST0171,1,0.1,8.1,5.06,3.04
ORD001074,2024-07-14,South,Office Supplies,Pen Set,CUST0100,4,0.0,60.0,43.82,16.18
ORD001075,2025-08-20,South,Office Supplies,Notebook,CUST0063,3,0.15,30.6,18.02,12.58
ORD001076,2025-06-05,East,Office Supplies,Pen Set,CUST0089,3,0.1,40.5,22.65,17.85
ORD001077,2025-05-31,North,Office Supplies,Pen Set,CUST0069,1,0.0,15.0,9.55,5.45
ORD001078,2025-09-26,South,Furniture,Bookshelf,CUST0033,1,0.05,199.5,109.95,89.55
ORD001079,2024-04-27,West,Furniture,Desk,CUST0175,2,0.05,608.0,318.56,289.44
ORD001080,2024-06-07,East,Office Supplies,Stapler,CUST0162,7,0.1,56.7,29.99,26.71
ORD001081,2024-08-15,North,Technology,Monitor,CUST0142,1,0.0,280.0,147.02,132.98
ORD001082,2024-08-03,West,Technology,Monitor,CUST0113,4,0.1,1008.0,691.21,316.79
ORD001083,2025-11-26,South,Office Supplies,Paper,CUST0124,8,0.05,60.8,38.89,21.91
ORD001084,2024-01-15,East,Technology,Laptop,CUST0155,3,0.05,2565.0,1359.13,1205.87
ORD001085,2024-06-05,West,Technology,Printer,CUST0063,1,0.0,220.0,134.8,85.2
ORD001086,2025-10-09,North,Furniture,Office Chair,CUST0053,6,0.05,1026.0,791.67,234.33
ORD001087,2024-09-17,East,Accessories,Webcam,CUST0105,4,0.05,323.0,208.78,114.22
ORD001088,2024-06-05,West,Technology,Printer,CUST0043,4,0.1,792.0,600.93,191.07
ORD001089,2024-02-16,West,Technology,Printer,CUST0106,4,0.15,748.0,401.76,346.24
ORD001090,2024-11-19,West,Office Supplies,Paper,CUST0179,5,0.05,38.0,27.51,10.49
ORD001091,2025-11-15,West,Furniture,Desk,CUST0107,6,0.05,1824.0,1102.37,721.63
ORD001092,2024-05-09,South,Office Supplies,Stapler,CUST0086,6,0.1,48.6,34.93,13.67
ORD001093,2025-02-14,North,Office Supplies,Notebook,CUST0131,7,0.1,75.6,41.79,33.81
ORD001094,2024-04-04,West,Office Supplies,Notebook,CUST0015,4,0.0,48.0,32.75,15.25
ORD001095,2025-09-18,South,Office Supplies,Stapler,CUST0156,5,0.1,40.5,29.17,11.33
ORD001096,2024-10-18,West,Accessories,Headset,CUST0015,7,0.15,386.75,253.23,133.52
ORD001097,2024-10-09,East,Office Supplies,Notebook,CUST0125,2,0.0,24.0,17.87,6.13
ORD001098,2024-03-09,East,Office Supplies,Notebook,CUST0092,5,0.15,51.0,32.6,18.4
ORD001099,2025-10-21,South,Technology,Laptop,CUST0122,4,0.05,3420.0,2496.64,923.36
ORD001100,2024-01-11,West,Technology,Monitor,CUST0157,6,0.1,1512.0,869.0,643.0
ORD001101,2024-09-10,North,Technology,Printer,CUST0067,3,0.1,594.0,344.11,249.89
ORD001102,2025-07-03,North,Office Supplies,Notebook,CUST0089,6,0.1,64.8,43.13,21.67
ORD001103,2024-05-13,North,Office Supplies,Notebook,CUST0165,7,0.15,71.4,42.01,29.39
ORD001104,2025-12-12,North,Office Supplies,Pen Set,CUST0138,3,0.05,42.75,23.74,19.01
ORD001105,2024-01-23,West,Technology,Laptop,CUST0031,6,0.05,5130.0,3252.62,1877.38
ORD001106,2024-12-11,South,Furniture,Bookshelf,CUST0006,1,0.15,178.5,96.13,82.37
ORD001107,2024-10-28,North,Technology,Printer,CUST0047,5,0.1,990.0,756.17,233.83
ORD001108,2024-12-28,South,Accessories,Headset,CUST0024,4,0.05,247.0,185.92,61.08
ORD001109,2025-01-30,North,Accessories,Headset,CUST0161,6,0.05,370.5,246.76,123.74
ORD001110,2024-08-05,South,Furniture,Conference Table,CUST0131,3,0.05,1567.5,1008.05,559.45
ORD001111,2024-05-20,East,Office Supplies,Stapler,CUST0100,7,0.2,50.4,36.42,13.98
ORD001112,2025-09-07,West,Office Supplies,Paper,CUST0026,6,0.1,43.2,32.15,11.05
ORD001113,2024-07-28,West,Technology,Printer,CUST0139,1,0.15,187.0,142.43,44.57
ORD001114,2025-09-14,North,Furniture,Desk,CUST0141,8,0.0,2560.0,1810.68,749.32
ORD001115,2025-09-07,North,Office Supplies,Paper,CUST0031,6,0.05,45.6,27.59,18.01
ORD001116,2025-11-13,North,Technology,Keyboard,CUST0069,4,0.05,209.0,127.97,81.03
ORD001117,2025-04-04,East,Technology,Printer,CUST0081,7,0.0,1540.0,829.52,710.48
ORD001118,2024-12-21,West,Furniture,Conference Table,CUST0154,1,0.1,495.0,330.8,164.2
ORD001119,2024-11-19,East,Technology,Printer,CUST0048,7,0.15,1309.0,972.22,336.78
ORD001120,2024-05-12,East,Furniture,Bookshelf,CUST0089,4,0.1,756.0,408.45,347.55
ORD001121,2024-05-06,North,Technology,Laptop,CUST0157,2,0.15,1530.0,1055.44,474.56
ORD001122,2024-04-15,North,Accessories,Mouse,CUST0049,4,0.05,114.0,70.35,43.65
ORD001123,2025-08-26,North,Technology,Printer,CUST0178,3,0.05,627.0,454.71,172.29
ORD001124,2025-01-12,East,Technology,Monitor,CUST0024,8,0.05,2128.0,1109.55,1018.45
ORD001125,2024-02-20,East,Accessories,Headset,CUST0145,2,0.05,123.5,94.69,28.81
ORD001126,2024-01-29,East,Office Supplies,Pen Set,CUST0061,6,0.15,76.5,54.55,21.95
ORD001127,2025-04-06,North,Office Supplies,Paper,CUST0061,7,0.0,56.0,41.67,14.33
ORD001128,2024-10-22,West,Furniture,Desk,CUST0159,4,0.05,1216.0,839.16,376.84
ORD001129,2024-10-23,South,Technology,Printer,CUST0075,6,0.05,1254.0,790.59,463.41
ORD001130,2025-12-26,East,Technology,Laptop,CUST0037,5,0.1,4050.0,3096.49,953.51
ORD001131,2025-02-10,South,Office Supplies,Paper,CUST0147,8,0.2,51.2,27.64,23.56
ORD001132,2025-09-04,East,Accessories,Mouse,CUST0172,7,0.15,178.5,125.52,52.98
ORD001133,2025-02-08,North,Office Supplies,Notebook,CUST0144,8,0.05,91.2,59.12,32.08
ORD001134,2024-12-11,East,Office Supplies,Stapler,CUST0081,3,0.05,25.65,15.33,10.32
ORD001135,2025-09-13,South,Technology,Keyboard,CUST0054,5,0.1,247.5,134.44,113.06
ORD001136,2025-02-23,West,Technology,Monitor,CUST0033,2,0.1,504.0,304.72,199.28
ORD001137,2024-06-30,South,Accessories,Webcam,CUST0176,8,0.1,612.0,330.98,281.02
ORD001138,2024-01-01,East,Accessories,Webcam,CUST0123,5,0.0,425.0,238.96,186.04
ORD001139,2025-07-20,North,Technology,Keyboard,CUST0054,2,0.1,99.0,55.36,43.64
ORD001140,2025-01-05,East,Furniture,Office Chair,CUST0057,3,0.1,486.0,375.37,110.63
ORD001141,2025-10-22,South,Office Supplies,Stapler,CUST0021,5,0.05,42.75,31.4,11.35
ORD001142,2025-03-06,South,Office Supplies,Paper,CUST0064,5,0.0,40.0,22.01,17.99
ORD001143,2024-11-04,North,Technology,Laptop,CUST0004,4,0.05,3420.0,2195.59,1224.41
ORD001144,2024-05-16,South,Furniture,Conference Table,CUST0129,7,0.15,3272.5,2299.84,972.66
ORD001145,2024-07-20,South,Furniture,Office Chair,CUST0037,3,0.0,540.0,406.7,133.3
ORD001146,2025-03-11,South,Accessories,Mouse,CUST0014,5,0.15,127.5,92.0,35.5
ORD001147,2024-11-08,South,Office Supplies,Notebook,CUST0021,3,0.15,30.6,21.96,8.64
ORD001148,2024-04-26,East,Accessories,Webcam,CUST0011,1,0.05,80.75,56.2,24.55
ORD001149,2025-10-27,South,Accessories,Webcam,CUST0147,3,0.05,242.25,140.15,102.1
ORD001150,2025-07-28,South,Accessories,Headset,CUST0097,1,0.0,65.0,49.03,15.97
ORD001151,2024-08-31,West,Furniture,Office Chair,CUST0029,3,0.1,486.0,294.94,191.06
ORD001152,2025-06-20,West,Furniture,Bookshelf,CUST0052,1,0.1,189.0,132.62,56.38
ORD001153,2025-08-24,East,Office Supplies,Stapler,CUST0162,5,0.05,42.75,26.04,16.71
ORD001154,2024-03-15,South,Office Supplies,Paper,CUST0069,8,0.0,64.0,47.89,16.11
ORD001155,2025-01-20,West,Accessories,Mouse,CUST0151,8,0.15,204.0,142.86,61.14
ORD001156,2024-07-28,North,Office Supplies,Stapler,CUST0125,5,0.0,45.0,33.35,11.65
ORD001157,2025-04-19,South,Office Supplies,Pen Set,CUST0122,5,0.0,75.0,41.53,33.47
ORD001158,2025-02-21,North,Accessories,USB Hub,CUST0020,8,0.1,201.6,153.6,48.0
ORD001159,2024-12-12,North,Technology,Laptop,CUST0031,7,0.1,5670.0,3668.27,2001.73
ORD001160,2025-06-12,West,Furniture,Conference Table,CUST0137,1,0.0,550.0,338.82,211.18
ORD001161,2025-10-01,East,Office Supplies,Pen Set,CUST0152,6,0.1,81.0,57.35,23.65
ORD001162,2024-06-27,North,Accessories,Headset,CUST0150,7,0.05,432.25,318.72,113.53
ORD001163,2024-06-30,South,Furniture,Conference Table,CUST0042,5,0.1,2475.0,1512.85,962.15
ORD001164,2025-10-25,North,Accessories,Mouse,CUST0070,2,0.1,54.0,33.95,20.05
ORD001165,2024-01-25,North,Furniture,Office Chair,CUST0082,6,0.1,972.0,532.04,439.96
ORD001166,2024-06-28,West,Furniture,Conference Table,CUST0155,1,0.1,495.0,315.26,179.74
ORD001167,2025-12-10,East,Furniture,Desk,CUST0071,8,0.1,2304.0,1595.72,708.28
ORD001168,2025-05-15,South,Office Supplies,Paper,CUST0166,3,0.15,20.4,10.9,9.5
ORD001169,2024-06-09,South,Office Supplies,Stapler,CUST0080,4,0.1,32.4,22.8,9.6
ORD001170,2024-06-25,North,Technology,Monitor,CUST0180,4,0.1,1008.0,764.39,243.61
ORD001171,2024-10-11,South,Office Supplies,Paper,CUST0172,1,0.1,7.2,5.06,2.14
ORD001172,2024-03-03,North,Office Supplies,Pen Set,CUST0006,5,0.1,67.5,36.4,31.1
ORD001173,2025-10-23,East,Accessories,Mouse,CUST0136,2,0.2,48.0,36.03,11.97
ORD001174,2025-10-27,West,Technology,Laptop,CUST0117,7,0.1,5670.0,3208.87,2461.13
ORD001175,2024-06-04,South,Furniture,Bookshelf,CUST0038,1,0.15,178.5,128.63,49.87
ORD001176,2025-04-13,South,Accessories,Headset,CUST0150,7,0.15,386.75,285.64,101.11
ORD001177,2024-02-18,East,Technology,Printer,CUST0089,4,0.1,792.0,611.83,180.17
ORD001178,2024-03-24,East,Technology,Printer,CUST0050,1,0.1,198.0,120.84,77.16
ORD001179,2024-12-26,South,Furniture,Office Chair,CUST0173,2,0.0,360.0,241.2,118.8
ORD001180,2025-11-19,West,Office Supplies,Stapler,CUST0094,5,0.1,40.5,21.52,18.98
ORD001181,2024-05-27,North,Technology,Laptop,CUST0041,6,0.15,4590.0,3549.59,1040.41
ORD001182,2025-09-21,North,Furniture,Conference Table,CUST0100,6,0.1,2970.0,1941.75,1028.25
ORD001183,2024-12-07,East,Furniture,Conference Table,CUST0171,8,0.0,4400.0,3306.7,1093.3
ORD001184,2025-04-20,West,Accessories,Webcam,CUST0125,4,0.1,306.0,212.38,93.62
ORD001185,2024-03-03,North,Technology,Monitor,CUST0030,8,0.15,1904.0,1138.1,765.9
ORD001186,2025-12-01,North,Furniture,Office Chair,CUST0077,5,0.1,810.0,604.63,205.37
ORD001187,2024-12-25,South,Office Supplies,Notebook,CUST0154,8,0.1,86.4,56.56,29.84
ORD001188,2025-07-14,West,Accessories,Mouse,CUST0067,5,0.05,142.5,108.54,33.96
ORD001189,2024-11-22,East,Furniture,Bookshelf,CUST0075,3,0.0,630.0,453.41,176.59
ORD001190,2024-05-20,South,Technology,Printer,CUST0147,1,0.1,198.0,140.97,57.03
ORD001191,2024-08-02,West,Accessories,Webcam,CUST0164,1,0.05,80.75,59.73,21.02
ORD001192,2025-03-10,West,Technology,Laptop,CUST0104,5,0.0,4500.0,2995.67,1504.33
ORD001193,2025-12-23,South,Technology,Printer,CUST0009,6,0.1,1188.0,783.75,404.25
ORD001194,2024-11-13,South,Technology,Monitor,CUST0165,6,0.05,1596.0,859.95,736.05
ORD001195,2024-02-01,West,Technology,Monitor,CUST0124,5,0.1,1260.0,673.11,586.89
ORD001196,2025-10-31,North,Accessories,USB Hub,CUST0048,8,0.15,190.4,105.92,84.48
ORD001197,2024-10-11,West,Furniture,Office Chair,CUST0075,3,0.15,459.0,260.12,198.88
ORD001198,2024-10-31,South,Technology,Monitor,CUST0059,7,0.1,1764.0,1336.76,427.24
ORD001199,2025-03-04,North,Office Supplies,Pen Set,CUST0120,8,0.1,108.0,59.91,48.09
ORD001200,2025-04-21,East,Accessories,Headset,CUST0042,1,0.0,65.0,34.03,30.97
ORD000251,2024-05-26,North,Furniture,Bookshelf,CUST0177,3,0.05,598.5,385.02,213.48
